"module name","license","repository"
"@angular-devkit/architect@0.1102.5","MIT","https://github.com/angular/angular-cli"
"@angular-devkit/build-angular@0.1102.5","MIT","https://github.com/angular/angular-cli"
"@angular-devkit/build-optimizer@0.1102.5","MIT","https://github.com/angular/angular-cli"
"@angular-devkit/build-webpack@0.1102.5","MIT","https://github.com/angular/angular-cli"
"@angular-devkit/core@11.2.5","MIT","https://github.com/angular/angular-cli"
"@angular-devkit/schematics@11.2.5","MIT","https://github.com/angular/angular-cli"
"@angular/animations@11.2.6","MIT","https://github.com/angular/angular"
"@angular/cdk@11.0.1","MIT","https://github.com/angular/components"
"@angular/cli@11.2.5","MIT","https://github.com/angular/angular-cli"
"@angular/common@11.2.6","MIT","https://github.com/angular/angular"
"@angular/compiler-cli@11.2.6","MIT","https://github.com/angular/angular"
"@angular/compiler@11.2.6","MIT","https://github.com/angular/angular"
"@angular/compiler@9.0.0","MIT","https://github.com/angular/angular"
"@angular/core@11.2.6","MIT","https://github.com/angular/angular"
"@angular/core@9.0.0","MIT","https://github.com/angular/angular"
"@angular/flex-layout@11.0.0-beta.33","MIT","https://github.com/angular/flex-layout"
"@angular/forms@11.2.6","MIT","https://github.com/angular/angular"
"@angular/material-moment-adapter@11.0.3","MIT","https://github.com/angular/components"
"@angular/material@11.0.1","MIT","https://github.com/angular/components"
"@angular/platform-browser-dynamic@11.2.6","MIT","https://github.com/angular/angular"
"@angular/platform-browser@11.2.6","MIT","https://github.com/angular/angular"
"@angular/router@11.2.6","MIT","https://github.com/angular/angular"
"@babel/code-frame@7.12.13","MIT","https://github.com/babel/babel"
"@babel/compat-data@7.13.12","MIT","https://github.com/babel/babel"
"@babel/core@7.12.10","MIT","https://github.com/babel/babel"
"@babel/generator@7.12.11","MIT","https://github.com/babel/babel"
"@babel/generator@7.13.9","MIT","https://github.com/babel/babel"
"@babel/helper-annotate-as-pure@7.12.13","MIT","https://github.com/babel/babel"
"@babel/helper-builder-binary-assignment-operator-visitor@7.12.13","MIT","https://github.com/babel/babel"
"@babel/helper-compilation-targets@7.13.10","MIT","https://github.com/babel/babel"
"@babel/helper-create-class-features-plugin@7.13.11","MIT","https://github.com/babel/babel"
"@babel/helper-create-regexp-features-plugin@7.12.17","MIT","https://github.com/babel/babel"
"@babel/helper-explode-assignable-expression@7.13.0","MIT","https://github.com/babel/babel"
"@babel/helper-function-name@7.12.13","MIT","https://github.com/babel/babel"
"@babel/helper-get-function-arity@7.12.13","MIT","https://github.com/babel/babel"
"@babel/helper-hoist-variables@7.13.0","MIT","https://github.com/babel/babel"
"@babel/helper-member-expression-to-functions@7.13.12","MIT","https://github.com/babel/babel"
"@babel/helper-module-imports@7.13.12","MIT","https://github.com/babel/babel"
"@babel/helper-module-transforms@7.13.12","MIT","https://github.com/babel/babel"
"@babel/helper-optimise-call-expression@7.12.13","MIT","https://github.com/babel/babel"
"@babel/helper-plugin-utils@7.13.0","MIT","https://github.com/babel/babel"
"@babel/helper-remap-async-to-generator@7.13.0","MIT","https://github.com/babel/babel"
"@babel/helper-replace-supers@7.13.12","MIT","https://github.com/babel/babel"
"@babel/helper-simple-access@7.13.12","MIT","https://github.com/babel/babel"
"@babel/helper-skip-transparent-expression-wrappers@7.12.1","MIT","https://github.com/babel/babel"
"@babel/helper-split-export-declaration@7.12.13","MIT","https://github.com/babel/babel"
"@babel/helper-validator-identifier@7.12.11","MIT","https://github.com/babel/babel"
"@babel/helper-validator-option@7.12.17","MIT","https://github.com/babel/babel"
"@babel/helper-wrap-function@7.13.0","MIT","https://github.com/babel/babel"
"@babel/helpers@7.12.5","MIT","https://github.com/babel/babel"
"@babel/highlight@7.13.10","MIT","https://github.com/babel/babel"
"@babel/parser@7.13.12","MIT","https://github.com/babel/babel"
"@babel/plugin-proposal-async-generator-functions@7.13.8","MIT","https://github.com/babel/babel"
"@babel/plugin-proposal-class-properties@7.13.0","MIT","https://github.com/babel/babel"
"@babel/plugin-proposal-dynamic-import@7.13.8","MIT","https://github.com/babel/babel"
"@babel/plugin-proposal-export-namespace-from@7.12.13","MIT","https://github.com/babel/babel"
"@babel/plugin-proposal-json-strings@7.13.8","MIT","https://github.com/babel/babel"
"@babel/plugin-proposal-logical-assignment-operators@7.13.8","MIT","https://github.com/babel/babel"
"@babel/plugin-proposal-nullish-coalescing-operator@7.13.8","MIT","https://github.com/babel/babel"
"@babel/plugin-proposal-numeric-separator@7.12.13","MIT","https://github.com/babel/babel"
"@babel/plugin-proposal-object-rest-spread@7.13.8","MIT","https://github.com/babel/babel"
"@babel/plugin-proposal-optional-catch-binding@7.13.8","MIT","https://github.com/babel/babel"
"@babel/plugin-proposal-optional-chaining@7.13.12","MIT","https://github.com/babel/babel"
"@babel/plugin-proposal-private-methods@7.13.0","MIT","https://github.com/babel/babel"
"@babel/plugin-proposal-unicode-property-regex@7.12.13","MIT","https://github.com/babel/babel"
"@babel/plugin-syntax-async-generators@7.8.4","MIT","https://github.com/babel/babel/tree/master/packages/babel-plugin-syntax-async-generators"
"@babel/plugin-syntax-class-properties@7.12.13","MIT","https://github.com/babel/babel"
"@babel/plugin-syntax-dynamic-import@7.8.3","MIT","https://github.com/babel/babel/tree/master/packages/babel-plugin-syntax-dynamic-import"
"@babel/plugin-syntax-export-namespace-from@7.8.3","MIT","https://github.com/babel/babel/tree/master/packages/babel-plugin-syntax-export-namespace-from"
"@babel/plugin-syntax-json-strings@7.8.3","MIT","https://github.com/babel/babel/tree/master/packages/babel-plugin-syntax-json-strings"
"@babel/plugin-syntax-logical-assignment-operators@7.10.4","MIT","https://github.com/babel/babel"
"@babel/plugin-syntax-nullish-coalescing-operator@7.8.3","MIT","https://github.com/babel/babel/tree/master/packages/babel-plugin-syntax-nullish-coalescing-operator"
"@babel/plugin-syntax-numeric-separator@7.10.4","MIT","https://github.com/babel/babel"
"@babel/plugin-syntax-object-rest-spread@7.8.3","MIT","https://github.com/babel/babel/tree/master/packages/babel-plugin-syntax-object-rest-spread"
"@babel/plugin-syntax-optional-catch-binding@7.8.3","MIT","https://github.com/babel/babel/tree/master/packages/babel-plugin-syntax-optional-catch-binding"
"@babel/plugin-syntax-optional-chaining@7.8.3","MIT","https://github.com/babel/babel/tree/master/packages/babel-plugin-syntax-optional-chaining"
"@babel/plugin-syntax-top-level-await@7.12.13","MIT","https://github.com/babel/babel"
"@babel/plugin-transform-arrow-functions@7.13.0","MIT","https://github.com/babel/babel"
"@babel/plugin-transform-async-to-generator@7.12.1","MIT","https://github.com/babel/babel"
"@babel/plugin-transform-block-scoped-functions@7.12.13","MIT","https://github.com/babel/babel"
"@babel/plugin-transform-block-scoping@7.12.13","MIT","https://github.com/babel/babel"
"@babel/plugin-transform-classes@7.13.0","MIT","https://github.com/babel/babel"
"@babel/plugin-transform-computed-properties@7.13.0","MIT","https://github.com/babel/babel"
"@babel/plugin-transform-destructuring@7.13.0","MIT","https://github.com/babel/babel"
"@babel/plugin-transform-dotall-regex@7.12.13","MIT","https://github.com/babel/babel"
"@babel/plugin-transform-duplicate-keys@7.12.13","MIT","https://github.com/babel/babel"
"@babel/plugin-transform-exponentiation-operator@7.12.13","MIT","https://github.com/babel/babel"
"@babel/plugin-transform-for-of@7.13.0","MIT","https://github.com/babel/babel"
"@babel/plugin-transform-function-name@7.12.13","MIT","https://github.com/babel/babel"
"@babel/plugin-transform-literals@7.12.13","MIT","https://github.com/babel/babel"
"@babel/plugin-transform-member-expression-literals@7.12.13","MIT","https://github.com/babel/babel"
"@babel/plugin-transform-modules-amd@7.13.0","MIT","https://github.com/babel/babel"
"@babel/plugin-transform-modules-commonjs@7.13.8","MIT","https://github.com/babel/babel"
"@babel/plugin-transform-modules-systemjs@7.13.8","MIT","https://github.com/babel/babel"
"@babel/plugin-transform-modules-umd@7.13.0","MIT","https://github.com/babel/babel"
"@babel/plugin-transform-named-capturing-groups-regex@7.12.13","MIT","https://github.com/babel/babel"
"@babel/plugin-transform-new-target@7.12.13","MIT","https://github.com/babel/babel"
"@babel/plugin-transform-object-super@7.12.13","MIT","https://github.com/babel/babel"
"@babel/plugin-transform-parameters@7.13.0","MIT","https://github.com/babel/babel"
"@babel/plugin-transform-property-literals@7.12.13","MIT","https://github.com/babel/babel"
"@babel/plugin-transform-regenerator@7.12.13","MIT","https://github.com/babel/babel"
"@babel/plugin-transform-reserved-words@7.12.13","MIT","https://github.com/babel/babel"
"@babel/plugin-transform-runtime@7.12.10","MIT","https://github.com/babel/babel"
"@babel/plugin-transform-shorthand-properties@7.12.13","MIT","https://github.com/babel/babel"
"@babel/plugin-transform-spread@7.13.0","MIT","https://github.com/babel/babel"
"@babel/plugin-transform-sticky-regex@7.12.13","MIT","https://github.com/babel/babel"
"@babel/plugin-transform-template-literals@7.13.0","MIT","https://github.com/babel/babel"
"@babel/plugin-transform-typeof-symbol@7.12.13","MIT","https://github.com/babel/babel"
"@babel/plugin-transform-unicode-escapes@7.12.13","MIT","https://github.com/babel/babel"
"@babel/plugin-transform-unicode-regex@7.12.13","MIT","https://github.com/babel/babel"
"@babel/preset-env@7.12.11","MIT","https://github.com/babel/babel"
"@babel/preset-modules@0.1.4","MIT",""
"@babel/runtime@7.12.5","MIT","https://github.com/babel/babel"
"@babel/template@7.12.13","MIT","https://github.com/babel/babel"
"@babel/template@7.12.7","MIT","https://github.com/babel/babel"
"@babel/traverse@7.13.0","MIT","https://github.com/babel/babel"
"@babel/types@7.13.12","MIT","https://github.com/babel/babel"
"@discoveryjs/json-ext@0.5.2","MIT","https://github.com/discoveryjs/json-ext"
"@istanbuljs/schema@0.1.2","MIT","https://github.com/istanbuljs/schema"
"@jsdevtools/coverage-istanbul-loader@3.0.5","MIT","https://github.com/JS-DevTools/coverage-istanbul-loader"
"@ngtools/webpack@11.2.5","MIT","https://github.com/angular/angular-cli"
"@nodelib/fs.scandir@2.1.4","MIT","https://github.com/nodelib/nodelib/tree/master/packages/fs/fs.scandir"
"@nodelib/fs.stat@2.0.4","MIT","https://github.com/nodelib/nodelib/tree/master/packages/fs/fs.stat"
"@nodelib/fs.walk@1.2.6","MIT","https://github.com/nodelib/nodelib/tree/master/packages/fs/fs.walk"
"@npmcli/ci-detect@1.3.0","ISC","https://github.com/npm/ci-detect"
"@npmcli/git@2.0.6","ISC","https://github.com/npm/git"
"@npmcli/installed-package-contents@1.0.7","ISC","https://github.com/npm/installed-package-contents"
"@npmcli/move-file@1.0.1","MIT","https://github.com/npm/move-file"
"@npmcli/node-gyp@1.0.2","ISC",""
"@npmcli/promise-spawn@1.3.2","ISC","https://github.com/npm/promise-spawn"
"@npmcli/run-script@1.8.4","ISC","https://github.com/npm/run-script"
"@schematics/angular@11.2.5","MIT","https://github.com/angular/angular-cli"
"@schematics/update@0.1102.5","MIT","https://github.com/angular/angular-cli"
"@sentry/angular@6.2.3","MIT","https://github.com/getsentry/sentry-javascript"
"@sentry/browser@6.2.3","BSD-3-Clause","https://github.com/getsentry/sentry-javascript"
"@sentry/core@6.2.3","BSD-3-Clause","https://github.com/getsentry/sentry-javascript"
"@sentry/hub@6.2.3","BSD-3-Clause","https://github.com/getsentry/sentry-javascript"
"@sentry/minimal@6.2.3","BSD-3-Clause","https://github.com/getsentry/sentry-javascript"
"@sentry/tracing@6.2.3","MIT","https://github.com/getsentry/sentry-javascript"
"@sentry/types@6.2.3","BSD-3-Clause","https://github.com/getsentry/sentry-javascript"
"@sentry/utils@6.2.3","BSD-3-Clause","https://github.com/getsentry/sentry-javascript"
"@swimlane/ngx-charts@16.0.0","MIT","https://github.com/swimlane/ngx-charts"
"@tootallnate/once@1.1.2","MIT","https://github.com/TooTallNate/once"
"@types/chart.js@2.9.32","MIT","https://github.com/DefinitelyTyped/DefinitelyTyped"
"@types/component-emitter@1.2.10","MIT","https://github.com/DefinitelyTyped/DefinitelyTyped"
"@types/cookie@0.4.0","MIT","https://github.com/DefinitelyTyped/DefinitelyTyped"
"@types/cors@2.8.10","MIT","https://github.com/DefinitelyTyped/DefinitelyTyped"
"@types/glob@7.1.3","MIT","https://github.com/DefinitelyTyped/DefinitelyTyped"
"@types/jasmine@3.6.1","MIT","https://github.com/DefinitelyTyped/DefinitelyTyped"
"@types/json-schema@7.0.6","MIT","https://github.com/DefinitelyTyped/DefinitelyTyped"
"@types/minimatch@3.0.3","MIT","https://github.com/DefinitelyTyped/DefinitelyTyped"
"@types/node@12.19.4","MIT","https://github.com/DefinitelyTyped/DefinitelyTyped"
"@types/parse-json@4.0.0","MIT","https://github.com/DefinitelyTyped/DefinitelyTyped"
"@types/q@0.0.32","MIT","https://github.com/DefinitelyTyped/DefinitelyTyped"
"@types/q@1.5.4","MIT","https://github.com/DefinitelyTyped/DefinitelyTyped"
"@types/selenium-webdriver@3.0.17","MIT","https://github.com/DefinitelyTyped/DefinitelyTyped"
"@types/source-list-map@0.1.2","MIT","https://github.com/DefinitelyTyped/DefinitelyTyped"
"@types/webpack-sources@0.1.8","MIT","https://github.com/DefinitelyTyped/DefinitelyTyped"
"@webassemblyjs/ast@1.9.0","MIT","https://github.com/xtuc/webassemblyjs"
"@webassemblyjs/floating-point-hex-parser@1.9.0","MIT","https://github.com/xtuc/webassemblyjs"
"@webassemblyjs/helper-api-error@1.9.0","MIT",""
"@webassemblyjs/helper-buffer@1.9.0","MIT","https://github.com/xtuc/webassemblyjs"
"@webassemblyjs/helper-code-frame@1.9.0","MIT","https://github.com/xtuc/webassemblyjs"
"@webassemblyjs/helper-fsm@1.9.0","ISC",""
"@webassemblyjs/helper-module-context@1.9.0","MIT","https://github.com/xtuc/webassemblyjs"
"@webassemblyjs/helper-wasm-bytecode@1.9.0","MIT","https://github.com/xtuc/webassemblyjs"
"@webassemblyjs/helper-wasm-section@1.9.0","MIT","https://github.com/xtuc/webassemblyjs"
"@webassemblyjs/ieee754@1.9.0","MIT",""
"@webassemblyjs/leb128@1.9.0","MIT",""
"@webassemblyjs/utf8@1.9.0","MIT","https://github.com/xtuc/webassemblyjs"
"@webassemblyjs/wasm-edit@1.9.0","MIT","https://github.com/xtuc/webassemblyjs"
"@webassemblyjs/wasm-gen@1.9.0","MIT","https://github.com/xtuc/webassemblyjs"
"@webassemblyjs/wasm-opt@1.9.0","MIT","https://github.com/xtuc/webassemblyjs"
"@webassemblyjs/wasm-parser@1.9.0","MIT","https://github.com/xtuc/webassemblyjs"
"@webassemblyjs/wast-parser@1.9.0","MIT","https://github.com/xtuc/webassemblyjs"
"@webassemblyjs/wast-printer@1.9.0","MIT","https://github.com/xtuc/webassemblyjs"
"@xtuc/ieee754@1.2.0","BSD-3-Clause","https://github.com/feross/ieee754"
"@xtuc/long@4.2.2","Apache-2.0","https://github.com/dcodeIO/long.js"
"@yarnpkg/lockfile@1.1.0","BSD-2-Clause","https://github.com/yarnpkg/yarn/blob/master/packages/lockfile"
"@zxing/browser@0.0.5","MIT","https://github.com/zxing-js/browser"
"@zxing/library@0.18.3","MIT","https://github.com/zxing-js/library"
"@zxing/ngx-scanner@3.1.1","MIT",""
"@zxing/text-encoding@0.9.0","(Unlicense OR Apache-2.0)","https://github.com/zxing-js/text-encoding"
"abab@2.0.5","BSD-3-Clause","https://github.com/jsdom/abab"
"abbrev@1.1.1","ISC","https://github.com/isaacs/abbrev-js"
"accepts@1.3.7","MIT","https://github.com/jshttp/accepts"
"acorn@6.4.2","MIT","https://github.com/acornjs/acorn"
"adjust-sourcemap-loader@3.0.0","MIT","https://github.com/bholloway/adjust-sourcemap-loader"
"adm-zip@0.4.16","MIT","https://github.com/cthackers/adm-zip"
"agent-base@4.3.0","MIT","https://github.com/TooTallNate/node-agent-base"
"agent-base@6.0.2","MIT","https://github.com/TooTallNate/node-agent-base"
"agentkeepalive@4.1.4","MIT","https://github.com/node-modules/agentkeepalive"
"aggregate-error@3.1.0","MIT","https://github.com/sindresorhus/aggregate-error"
"ajv-errors@1.0.1","MIT","https://github.com/epoberezkin/ajv-errors"
"ajv-keywords@3.5.2","MIT","https://github.com/epoberezkin/ajv-keywords"
"ajv@6.12.6","MIT","https://github.com/ajv-validator/ajv"
"alphanum-sort@1.0.2","MIT","https://github.com/TrySound/alphanum-sort"
"ansi-colors@3.2.4","MIT","https://github.com/doowb/ansi-colors"
"ansi-colors@4.1.1","MIT","https://github.com/doowb/ansi-colors"
"ansi-escapes@4.3.1","MIT","https://github.com/sindresorhus/ansi-escapes"
"ansi-html@0.0.7","Apache-2.0","https://github.com/Tjatse/ansi-html"
"ansi-regex@2.1.1","MIT","https://github.com/chalk/ansi-regex"
"ansi-regex@3.0.0","MIT","https://github.com/chalk/ansi-regex"
"ansi-regex@4.1.0","MIT","https://github.com/chalk/ansi-regex"
"ansi-regex@5.0.0","MIT","https://github.com/chalk/ansi-regex"
"ansi-styles@2.2.1","MIT","https://github.com/chalk/ansi-styles"
"ansi-styles@3.2.1","MIT","https://github.com/chalk/ansi-styles"
"ansi-styles@4.3.0","MIT","https://github.com/chalk/ansi-styles"
"anymatch@2.0.0","ISC","https://github.com/micromatch/anymatch"
"anymatch@3.1.1","ISC","https://github.com/micromatch/anymatch"
"app-root-path@3.0.0","MIT","https://github.com/inxilpro/node-app-root-path"
"aproba@1.2.0","ISC","https://github.com/iarna/aproba"
"are-we-there-yet@1.1.5","ISC","https://github.com/iarna/are-we-there-yet"
"arg@4.1.3","MIT","https://github.com/zeit/arg"
"argparse@1.0.10","MIT","https://github.com/nodeca/argparse"
"aria-query@3.0.0","Apache-2.0","https://github.com/A11yance/aria-query"
"arity-n@1.0.4","MIT","https://github.com/stoeffel/arityN"
"arr-diff@4.0.0","MIT","https://github.com/jonschlinkert/arr-diff"
"arr-flatten@1.1.0","MIT","https://github.com/jonschlinkert/arr-flatten"
"arr-union@3.1.0","MIT","https://github.com/jonschlinkert/arr-union"
"array-flatten@1.1.1","MIT","https://github.com/blakeembrey/array-flatten"
"array-flatten@2.1.2","MIT","https://github.com/blakeembrey/array-flatten"
"array-union@1.0.2","MIT","https://github.com/sindresorhus/array-union"
"array-union@2.1.0","MIT","https://github.com/sindresorhus/array-union"
"array-uniq@1.0.3","MIT","https://github.com/sindresorhus/array-uniq"
"array-unique@0.3.2","MIT","https://github.com/jonschlinkert/array-unique"
"arrify@1.0.1","MIT","https://github.com/sindresorhus/arrify"
"asn1.js@5.4.1","MIT","https://github.com/indutny/asn1.js"
"asn1@0.2.4","MIT","https://github.com/joyent/node-asn1"
"assert-plus@1.0.0","MIT","https://github.com/mcavage/node-assert-plus"
"assert@1.5.0","MIT","https://github.com/browserify/commonjs-assert"
"assign-symbols@1.0.0","MIT","https://github.com/jonschlinkert/assign-symbols"
"ast-types-flow@0.0.7","ISC","https://github.com/kyldvs/ast-types-flow"
"async-each@1.0.3","MIT","https://github.com/paulmillr/async-each"
"async-limiter@1.0.1","MIT","https://github.com/strml/async-limiter"
"async@2.6.3","MIT","https://github.com/caolan/async"
"asynckit@0.4.0","MIT","https://github.com/alexindigo/asynckit"
"atob@2.1.2","(MIT OR Apache-2.0)","git://git.coolaj86.com/coolaj86/atob.js"
"autoprefixer@10.2.4","MIT","https://github.com/postcss/autoprefixer"
"aws-sign2@0.7.0","Apache-2.0","https://github.com/mikeal/aws-sign"
"aws4@1.11.0","MIT","https://github.com/mhart/aws4"
"axobject-query@2.0.2","Apache-2.0","https://github.com/A11yance/axobject-query"
"babel-loader@8.2.2","MIT","https://github.com/babel/babel-loader"
"babel-plugin-dynamic-import-node@2.3.3","MIT","https://github.com/airbnb/babel-plugin-dynamic-import-node"
"balanced-match@1.0.0","MIT","https://github.com/juliangruber/balanced-match"
"base64-arraybuffer@0.1.4","MIT","https://github.com/niklasvh/base64-arraybuffer"
"base64-js@1.5.1","MIT","https://github.com/beatgammit/base64-js"
"base64id@2.0.0","MIT","https://github.com/faeldt/base64id"
"base@0.11.2","MIT","https://github.com/node-base/base"
"batch@0.6.1","MIT","https://github.com/visionmedia/batch"
"bcrypt-pbkdf@1.0.2","BSD-3-Clause","https://github.com/joyent/node-bcrypt-pbkdf"
"big.js@5.2.2","MIT","https://github.com/MikeMcl/big.js"
"binary-extensions@1.13.1","MIT","https://github.com/sindresorhus/binary-extensions"
"binary-extensions@2.1.0","MIT","https://github.com/sindresorhus/binary-extensions"
"bindings@1.5.0","MIT","https://github.com/TooTallNate/node-bindings"
"bl@4.1.0","MIT","https://github.com/rvagg/bl"
"blocking-proxy@1.0.1","MIT","https://github.com/angular/jasminewd"
"bluebird@3.7.2","MIT","https://github.com/petkaantonov/bluebird"
"bn.js@4.11.9","MIT","https://github.com/indutny/bn.js"
"bn.js@5.1.3","MIT","https://github.com/indutny/bn.js"
"body-parser@1.19.0","MIT","https://github.com/expressjs/body-parser"
"bonjour@3.5.0","MIT","https://github.com/watson/bonjour"
"boolbase@1.0.0","ISC","https://github.com/fb55/boolbase"
"brace-expansion@1.1.11","MIT","https://github.com/juliangruber/brace-expansion"
"braces@2.3.2","MIT","https://github.com/micromatch/braces"
"braces@3.0.2","MIT","https://github.com/micromatch/braces"
"brorand@1.1.0","MIT","https://github.com/indutny/brorand"
"browserify-aes@1.2.0","MIT","https://github.com/crypto-browserify/browserify-aes"
"browserify-cipher@1.0.1","MIT","https://github.com/crypto-browserify/browserify-cipher"
"browserify-des@1.0.2","MIT","https://github.com/crypto-browserify/browserify-des"
"browserify-rsa@4.1.0","MIT","https://github.com/crypto-browserify/browserify-rsa"
"browserify-sign@4.2.1","ISC","https://github.com/crypto-browserify/browserify-sign"
"browserify-zlib@0.2.0","MIT","https://github.com/devongovett/browserify-zlib"
"browserslist@4.16.3","MIT","https://github.com/browserslist/browserslist"
"browserstack@1.6.0","MIT","https://github.com/scottgonzalez/node-browserstack"
"buffer-alloc-unsafe@1.1.0","MIT","https://github.com/LinusU/buffer-alloc-unsafe"
"buffer-alloc@1.2.0","MIT","https://github.com/LinusU/buffer-alloc"
"buffer-fill@1.0.0","MIT","https://github.com/LinusU/buffer-fill"
"buffer-from@1.1.1","MIT","https://github.com/LinusU/buffer-from"
"buffer-indexof@1.1.1","MIT","https://github.com/soldair/node-buffer-indexof"
"buffer-xor@1.0.3","MIT","https://github.com/crypto-browserify/buffer-xor"
"buffer@4.9.2","MIT","https://github.com/feross/buffer"
"buffer@5.7.1","MIT","https://github.com/feross/buffer"
"builtin-modules@1.1.1","MIT","https://github.com/sindresorhus/builtin-modules"
"builtin-status-codes@3.0.0","MIT","https://github.com/bendrucker/builtin-status-codes"
"builtins@1.0.3","MIT","https://github.com/juliangruber/builtins"
"bytes@3.0.0","MIT","https://github.com/visionmedia/bytes.js"
"bytes@3.1.0","MIT","https://github.com/visionmedia/bytes.js"
"cacache@12.0.4","ISC","https://github.com/npm/cacache"
"cacache@15.0.5","ISC","https://github.com/npm/cacache"
"cache-base@1.0.1","MIT","https://github.com/jonschlinkert/cache-base"
"call-bind@1.0.2","MIT","https://github.com/ljharb/call-bind"
"caller-callsite@2.0.0","MIT","https://github.com/sindresorhus/caller-callsite"
"caller-path@2.0.0","MIT","https://github.com/sindresorhus/caller-path"
"callsites@2.0.0","MIT","https://github.com/sindresorhus/callsites"
"callsites@3.1.0","MIT","https://github.com/sindresorhus/callsites"
"camelcase@5.3.1","MIT","https://github.com/sindresorhus/camelcase"
"camelcase@6.2.0","MIT","https://github.com/sindresorhus/camelcase"
"caniuse-api@3.0.0","MIT","https://github.com/nyalab/caniuse-api"
"caniuse-lite@1.0.30001204","CC-BY-4.0","https://github.com/ben-eb/caniuse-lite"
"canonical-path@1.0.0","MIT","https://github.com/petebacondarwin/node-canonical-path"
"caseless@0.12.0","Apache-2.0","https://github.com/mikeal/caseless"
"chalk@1.1.3","MIT","https://github.com/chalk/chalk"
"chalk@2.4.2","MIT","https://github.com/chalk/chalk"
"chalk@4.1.0","MIT","https://github.com/chalk/chalk"
"chardet@0.7.0","MIT","https://github.com/runk/node-chardet"
"chart.js@2.9.4","MIT","https://github.com/chartjs/Chart.js"
"chartjs-color-string@0.6.0","MIT","https://github.com/chartjs/chartjs-color-string"
"chartjs-color@2.4.1","MIT","https://github.com/chartjs/chartjs-color"
"chokidar@2.1.8","MIT","https://github.com/paulmillr/chokidar"
"chokidar@3.4.3","MIT","https://github.com/paulmillr/chokidar"
"chownr@1.1.4","ISC","https://github.com/isaacs/chownr"
"chownr@2.0.0","ISC","https://github.com/isaacs/chownr"
"chrome-trace-event@1.0.2","MIT","github.com:samccone/chrome-trace-event"
"cipher-base@1.0.4","MIT","https://github.com/crypto-browserify/cipher-base"
"circular-dependency-plugin@5.2.2","ISC","https://github.com/aackerman/circular-dependency-plugin"
"class-utils@0.3.6","MIT","https://github.com/jonschlinkert/class-utils"
"clean-stack@2.2.0","MIT","https://github.com/sindresorhus/clean-stack"
"cli-cursor@3.1.0","MIT","https://github.com/sindresorhus/cli-cursor"
"cli-spinners@2.6.0","MIT","https://github.com/sindresorhus/cli-spinners"
"cli-width@3.0.0","ISC","https://github.com/knownasilya/cli-width"
"cliui@5.0.0","ISC","https://github.com/yargs/cliui"
"cliui@6.0.0","ISC","https://github.com/yargs/cliui"
"cliui@7.0.4","ISC","https://github.com/yargs/cliui"
"clone-deep@4.0.1","MIT","https://github.com/jonschlinkert/clone-deep"
"clone@1.0.4","MIT","https://github.com/pvorb/node-clone"
"coa@2.0.2","MIT","https://github.com/veged/coa"
"code-point-at@1.1.0","MIT","https://github.com/sindresorhus/code-point-at"
"codelyzer@6.0.1","MIT","https://github.com/mgechev/codelyzer"
"collection-visit@1.0.0","MIT","https://github.com/jonschlinkert/collection-visit"
"color-convert@1.9.3","MIT","https://github.com/Qix-/color-convert"
"color-convert@2.0.1","MIT","https://github.com/Qix-/color-convert"
"color-name@1.1.3","MIT","https://github.com/dfcreative/color-name"
"color-name@1.1.4","MIT","https://github.com/colorjs/color-name"
"color-string@1.5.4","MIT","https://github.com/Qix-/color-string"
"color@3.1.3","MIT","https://github.com/Qix-/color"
"colorette@1.2.2","MIT","https://github.com/jorgebucaran/colorette"
"colors@1.4.0","MIT","https://github.com/Marak/colors.js"
"combined-stream@1.0.8","MIT","https://github.com/felixge/node-combined-stream"
"commander@2.20.3","MIT","https://github.com/tj/commander.js"
"commondir@1.0.1","MIT","https://github.com/substack/node-commondir"
"component-emitter@1.3.0","MIT","https://github.com/component/emitter"
"compose-function@3.0.3","MIT","https://github.com/stoeffel/compose-function"
"compressible@2.0.18","MIT","https://github.com/jshttp/compressible"
"compression@1.7.4","MIT","https://github.com/expressjs/compression"
"concat-map@0.0.1","MIT","https://github.com/substack/node-concat-map"
"concat-stream@1.6.2","MIT","https://github.com/maxogden/concat-stream"
"connect-history-api-fallback@1.6.0","MIT","https://github.com/bripkens/connect-history-api-fallback"
"connect@3.7.0","MIT","https://github.com/senchalabs/connect"
"console-browserify@1.2.0","MIT","https://github.com/browserify/console-browserify"
"console-control-strings@1.1.0","ISC","https://github.com/iarna/console-control-strings"
"constants-browserify@1.0.0","MIT","https://github.com/juliangruber/constants-browserify"
"content-disposition@0.5.3","MIT","https://github.com/jshttp/content-disposition"
"content-type@1.0.4","MIT","https://github.com/jshttp/content-type"
"convert-source-map@0.3.5","MIT","https://github.com/thlorenz/convert-source-map"
"convert-source-map@1.7.0","MIT","https://github.com/thlorenz/convert-source-map"
"cookie-signature@1.0.6","MIT","https://github.com/visionmedia/node-cookie-signature"
"cookie@0.4.0","MIT","https://github.com/jshttp/cookie"
"cookie@0.4.1","MIT","https://github.com/jshttp/cookie"
"copy-anything@2.0.3","MIT","https://github.com/mesqueeb/copy-anything"
"copy-concurrently@1.0.5","ISC","https://github.com/npm/copy-concurrently"
"copy-descriptor@0.1.1","MIT","https://github.com/jonschlinkert/copy-descriptor"
"copy-webpack-plugin@6.3.2","MIT","https://github.com/webpack-contrib/copy-webpack-plugin"
"core-js-compat@3.9.1","MIT","https://github.com/zloirock/core-js"
"core-js@3.8.3","MIT","https://github.com/zloirock/core-js"
"core-util-is@1.0.2","MIT","https://github.com/isaacs/core-util-is"
"cors@2.8.5","MIT","https://github.com/expressjs/cors"
"cosmiconfig@5.2.1","MIT","https://github.com/davidtheclark/cosmiconfig"
"cosmiconfig@7.0.0","MIT","https://github.com/davidtheclark/cosmiconfig"
"create-ecdh@4.0.4","MIT","https://github.com/crypto-browserify/createECDH"
"create-hash@1.2.0","MIT","https://github.com/crypto-browserify/createHash"
"create-hmac@1.1.7","MIT","https://github.com/crypto-browserify/createHmac"
"critters@0.0.7","Apache-2.0","https://github.com/GoogleChromeLabs/critters"
"cross-spawn@6.0.5","MIT","https://github.com/moxystudio/node-cross-spawn"
"crypto-browserify@3.12.0","MIT","https://github.com/crypto-browserify/crypto-browserify"
"css-color-names@0.0.4","MIT","https://github.com/bahamas10/css-color-names"
"css-declaration-sorter@4.0.1","MIT","https://github.com/Siilwyn/css-declaration-sorter"
"css-loader@5.0.1","MIT","https://github.com/webpack-contrib/css-loader"
"css-parse@2.0.0","MIT","https://github.com/reworkcss/css-parse"
"css-select-base-adapter@0.1.1","MIT","https://github.com/nrkn/css-select-base-adapter"
"css-select@2.1.0","BSD-2-Clause","https://github.com/fb55/css-select"
"css-selector-tokenizer@0.7.3","MIT","https://github.com/css-modules/css-selector-tokenizer"
"css-tree@1.0.0-alpha.37","MIT","https://github.com/csstree/csstree"
"css-tree@1.0.1","MIT","https://github.com/csstree/csstree"
"css-what@3.4.2","BSD-2-Clause","https://github.com/fb55/css-what"
"css@2.2.4","MIT","https://github.com/reworkcss/css"
"css@3.0.0","MIT","https://github.com/reworkcss/css"
"cssauron@1.4.0","MIT","https://github.com/chrisdickinson/cssauron"
"cssesc@3.0.0","MIT","https://github.com/mathiasbynens/cssesc"
"cssnano-preset-default@4.0.7","MIT","https://github.com/cssnano/cssnano"
"cssnano-util-get-arguments@4.0.0","MIT","https://github.com/cssnano/cssnano"
"cssnano-util-get-match@4.0.0","MIT","https://github.com/cssnano/cssnano"
"cssnano-util-raw-cache@4.0.1","MIT","https://github.com/cssnano/cssnano"
"cssnano-util-same-parent@4.0.1","MIT","https://github.com/cssnano/cssnano"
"cssnano@4.1.10","MIT","https://github.com/cssnano/cssnano"
"csso@4.1.1","MIT","https://github.com/css/csso"
"custom-event@1.0.1","MIT","https://github.com/webmodules/custom-event"
"cyclist@1.0.1","MIT","https://github.com/mafintosh/cyclist"
"d3-array@2.9.1","BSD-3-Clause","https://github.com/d3/d3-array"
"d3-brush@1.1.6","BSD-3-Clause","https://github.com/d3/d3-brush"
"d3-color@1.4.1","BSD-3-Clause","https://github.com/d3/d3-color"
"d3-dispatch@1.0.6","BSD-3-Clause","https://github.com/d3/d3-dispatch"
"d3-drag@1.2.5","BSD-3-Clause","https://github.com/d3/d3-drag"
"d3-ease@1.0.7","BSD-3-Clause","https://github.com/d3/d3-ease"
"d3-format@1.4.5","BSD-3-Clause","https://github.com/d3/d3-format"
"d3-hierarchy@1.1.9","BSD-3-Clause","https://github.com/d3/d3-hierarchy"
"d3-interpolate@1.4.0","BSD-3-Clause","https://github.com/d3/d3-interpolate"
"d3-path@1.0.9","BSD-3-Clause","https://github.com/d3/d3-path"
"d3-scale@3.2.3","BSD-3-Clause","https://github.com/d3/d3-scale"
"d3-selection@1.4.2","BSD-3-Clause","https://github.com/d3/d3-selection"
"d3-shape@1.3.7","BSD-3-Clause","https://github.com/d3/d3-shape"
"d3-time-format@2.3.0","BSD-3-Clause","https://github.com/d3/d3-time-format"
"d3-time@1.1.0","BSD-3-Clause","https://github.com/d3/d3-time"
"d3-time@2.0.0","BSD-3-Clause","https://github.com/d3/d3-time"
"d3-timer@1.0.10","BSD-3-Clause","https://github.com/d3/d3-timer"
"d3-transition@1.3.2","BSD-3-Clause","https://github.com/d3/d3-transition"
"d@1.0.1","ISC","https://github.com/medikoo/d"
"damerau-levenshtein@1.0.6","BSD-2-Clause","https://github.com/tad-lispy/node-damerau-levenshtein"
"dashdash@1.14.1","MIT","https://github.com/trentm/node-dashdash"
"date-format@2.1.0","MIT","https://github.com/nomiddlename/date-format"
"date-format@3.0.0","MIT","https://github.com/nomiddlename/date-format"
"debug@2.6.9","MIT","https://github.com/visionmedia/debug"
"debug@3.1.0","MIT","https://github.com/visionmedia/debug"
"debug@3.2.6","MIT","https://github.com/visionmedia/debug"
"debug@3.2.7","MIT","https://github.com/visionmedia/debug"
"debug@4.3.1","MIT","https://github.com/visionmedia/debug"
"decamelize@1.2.0","MIT","https://github.com/sindresorhus/decamelize"
"decode-uri-component@0.2.0","MIT","https://github.com/SamVerschueren/decode-uri-component"
"deep-equal@1.1.1","MIT","https://github.com/substack/node-deep-equal"
"default-gateway@4.2.0","BSD-2-Clause","https://github.com/silverwind/default-gateway"
"defaults@1.0.3","MIT","https://github.com/tmpvar/defaults"
"define-properties@1.1.3","MIT","https://github.com/ljharb/define-properties"
"define-property@0.2.5","MIT","https://github.com/jonschlinkert/define-property"
"define-property@1.0.0","MIT","https://github.com/jonschlinkert/define-property"
"define-property@2.0.2","MIT","https://github.com/jonschlinkert/define-property"
"del@2.2.2","MIT","https://github.com/sindresorhus/del"
"del@4.1.1","MIT","https://github.com/sindresorhus/del"
"delayed-stream@1.0.0","MIT","https://github.com/felixge/node-delayed-stream"
"delegates@1.0.0","MIT","https://github.com/visionmedia/node-delegates"
"depd@1.1.2","MIT","https://github.com/dougwilson/nodejs-depd"
"dependency-graph@0.7.2","MIT","https://github.com/jriecken/dependency-graph"
"des.js@1.0.1","MIT","https://github.com/indutny/des.js"
"destroy@1.0.4","MIT","https://github.com/stream-utils/destroy"
"detect-node@2.0.5","MIT","https://github.com/iliakan/detect-node"
"di@0.0.1","MIT","https://github.com/vojtajina/node-di"
"diff@4.0.2","BSD-3-Clause","https://github.com/kpdecker/jsdiff"
"diffie-hellman@5.0.3","MIT","https://github.com/crypto-browserify/diffie-hellman"
"dijkstrajs@1.0.1","MIT","https://github.com/tcort/dijkstrajs"
"dir-glob@3.0.1","MIT","https://github.com/kevva/dir-glob"
"dns-equal@1.0.0","MIT","https://github.com/watson/dns-equal"
"dns-packet@1.3.1","MIT","https://github.com/mafintosh/dns-packet"
"dns-txt@2.0.2","MIT","https://github.com/watson/dns-txt"
"dom-serialize@2.2.1","MIT","https://github.com/webmodules/dom-serialize"
"dom-serializer@0.2.2","MIT","https://github.com/cheeriojs/dom-renderer"
"domain-browser@1.2.0","MIT","https://github.com/bevry/domain-browser"
"domelementtype@1.3.1","BSD-2-Clause","https://github.com/fb55/domelementtype"
"domelementtype@2.0.2","BSD-2-Clause","https://github.com/fb55/domelementtype"
"domutils@1.7.0","BSD-2-Clause","https://github.com/FB55/domutils"
"dot-prop@5.3.0","MIT","https://github.com/sindresorhus/dot-prop"
"duplexify@3.7.1","MIT","https://github.com/mafintosh/duplexify"
"ecc-jsbn@0.1.2","MIT","https://github.com/quartzjer/ecc-jsbn"
"ee-first@1.1.1","MIT","https://github.com/jonathanong/ee-first"
"electron-to-chromium@1.3.695","ISC","https://github.com/kilian/electron-to-chromium"
"elliptic@6.5.3","MIT","https://github.com/indutny/elliptic"
"emoji-regex@7.0.3","MIT","https://github.com/mathiasbynens/emoji-regex"
"emoji-regex@8.0.0","MIT","https://github.com/mathiasbynens/emoji-regex"
"emojis-list@2.1.0","MIT","https://github.com/kikobeats/emojis-list"
"emojis-list@3.0.0","MIT","https://github.com/kikobeats/emojis-list"
"encodeurl@1.0.2","MIT","https://github.com/pillarjs/encodeurl"
"encoding@0.1.13","MIT","https://github.com/andris9/encoding"
"end-of-stream@1.4.4","MIT","https://github.com/mafintosh/end-of-stream"
"engine.io-parser@4.0.2","MIT","https://github.com/socketio/engine.io-parser"
"engine.io@4.1.1","MIT","https://github.com/socketio/engine.io"
"enhanced-resolve@4.3.0","MIT","https://github.com/webpack/enhanced-resolve"
"enhanced-resolve@5.7.0","MIT","https://github.com/webpack/enhanced-resolve"
"ent@2.2.0","MIT","https://github.com/substack/node-ent"
"entities@2.1.0","BSD-2-Clause","https://github.com/fb55/entities"
"env-paths@2.2.1","MIT","https://github.com/sindresorhus/env-paths"
"err-code@1.1.2","MIT","https://github.com/IndigoUnited/js-err-code"
"err-code@2.0.3","MIT","https://github.com/IndigoUnited/js-err-code"
"errno@0.1.7","MIT","https://github.com/rvagg/node-errno"
"error-ex@1.3.2","MIT","https://github.com/qix-/node-error-ex"
"es-abstract@1.17.7","MIT","https://github.com/ljharb/es-abstract"
"es-abstract@1.18.0-next.1","MIT","https://github.com/ljharb/es-abstract"
"es-to-primitive@1.2.1","MIT","https://github.com/ljharb/es-to-primitive"
"es5-ext@0.10.53","ISC","https://github.com/medikoo/es5-ext"
"es6-iterator@2.0.3","MIT","https://github.com/medikoo/es6-iterator"
"es6-promise@4.2.8","MIT","https://github.com/stefanpenner/es6-promise"
"es6-promisify@5.0.0","MIT","https://github.com/digitaldesignlabs/es6-promisify"
"es6-symbol@3.1.3","ISC","https://github.com/medikoo/es6-symbol"
"escalade@3.1.1","MIT","https://github.com/lukeed/escalade"
"escape-html@1.0.3","MIT","https://github.com/component/escape-html"
"escape-string-regexp@1.0.5","MIT","https://github.com/sindresorhus/escape-string-regexp"
"eslint-scope@4.0.3","BSD-2-Clause","https://github.com/eslint/eslint-scope"
"esprima@4.0.1","BSD-2-Clause","https://github.com/jquery/esprima"
"esrecurse@4.3.0","BSD-2-Clause","https://github.com/estools/esrecurse"
"estraverse@4.3.0","BSD-2-Clause","https://github.com/estools/estraverse"
"estraverse@5.2.0","BSD-2-Clause","https://github.com/estools/estraverse"
"esutils@2.0.3","BSD-2-Clause","https://github.com/estools/esutils"
"etag@1.8.1","MIT","https://github.com/jshttp/etag"
"eventemitter3@4.0.7","MIT","https://github.com/primus/eventemitter3"
"events@3.2.0","MIT","https://github.com/Gozala/events"
"eventsource@1.1.0","MIT","https://github.com/EventSource/eventsource"
"evp_bytestokey@1.0.3","MIT","https://github.com/crypto-browserify/EVP_BytesToKey"
"execa@1.0.0","MIT","https://github.com/sindresorhus/execa"
"exit@0.1.2","MIT","https://github.com/cowboy/node-exit"
"expand-brackets@2.1.4","MIT","https://github.com/jonschlinkert/expand-brackets"
"express@4.17.1","MIT","https://github.com/expressjs/express"
"ext@1.4.0","ISC","https://github.com/medikoo/es5-ext/tree/ext"
"extend-shallow@2.0.1","MIT","https://github.com/jonschlinkert/extend-shallow"
"extend-shallow@3.0.2","MIT","https://github.com/jonschlinkert/extend-shallow"
"extend@3.0.2","MIT","https://github.com/justmoon/node-extend"
"external-editor@3.1.0","MIT","https://github.com/mrkmg/node-external-editor"
"extglob@2.0.4","MIT","https://github.com/micromatch/extglob"
"extsprintf@1.3.0","MIT","https://github.com/davepacheco/node-extsprintf"
"fast-deep-equal@3.1.3","MIT","https://github.com/epoberezkin/fast-deep-equal"
"fast-glob@3.2.5","MIT","https://github.com/mrmlnc/fast-glob"
"fast-json-stable-stringify@2.1.0","MIT","https://github.com/epoberezkin/fast-json-stable-stringify"
"fastparse@1.1.2","MIT","https://github.com/webpack/fastparse"
"fastq@1.11.0","ISC","https://github.com/mcollina/fastq"
"faye-websocket@0.11.3","Apache-2.0","https://github.com/faye/faye-websocket-node"
"figgy-pudding@3.5.2","ISC","https://github.com/npm/figgy-pudding"
"figures@3.2.0","MIT","https://github.com/sindresorhus/figures"
"file-loader@6.2.0","MIT","https://github.com/webpack-contrib/file-loader"
"file-uri-to-path@1.0.0","MIT","https://github.com/TooTallNate/file-uri-to-path"
"fill-range@4.0.0","MIT","https://github.com/jonschlinkert/fill-range"
"fill-range@7.0.1","MIT","https://github.com/jonschlinkert/fill-range"
"finalhandler@1.1.2","MIT","https://github.com/pillarjs/finalhandler"
"find-cache-dir@2.1.0","MIT","https://github.com/avajs/find-cache-dir"
"find-cache-dir@3.3.1","MIT","https://github.com/avajs/find-cache-dir"
"find-up@3.0.0","MIT","https://github.com/sindresorhus/find-up"
"find-up@4.1.0","MIT","https://github.com/sindresorhus/find-up"
"flatted@2.0.2","ISC","https://github.com/WebReflection/flatted"
"flush-write-stream@1.1.1","MIT","https://github.com/mafintosh/flush-write-stream"
"follow-redirects@1.13.3","MIT","https://github.com/follow-redirects/follow-redirects"
"for-in@1.0.2","MIT","https://github.com/jonschlinkert/for-in"
"forever-agent@0.6.1","Apache-2.0","https://github.com/mikeal/forever-agent"
"form-data@2.3.3","MIT","https://github.com/form-data/form-data"
"forwarded@0.1.2","MIT","https://github.com/jshttp/forwarded"
"fraction.js@4.0.13","MIT OR GPL-2.0-or-later","https://github.com/infusion/Fraction.js"
"fragment-cache@0.2.1","MIT","https://github.com/jonschlinkert/fragment-cache"
"fresh@0.5.2","MIT","https://github.com/jshttp/fresh"
"from2@2.3.0","MIT","https://github.com/hughsk/from2"
"frontend@0.0.0","UNLICENSED",""
"fs-extra@4.0.2","MIT","https://github.com/jprichardson/node-fs-extra"
"fs-extra@8.1.0","MIT","https://github.com/jprichardson/node-fs-extra"
"fs-minipass@2.1.0","ISC","https://github.com/npm/fs-minipass"
"fs-write-stream-atomic@1.0.10","ISC","https://github.com/npm/fs-write-stream-atomic"
"fs.realpath@1.0.0","ISC","https://github.com/isaacs/fs.realpath"
"fsevents@1.2.13","MIT","https://github.com/strongloop/fsevents"
"fsevents@2.1.3","MIT","https://github.com/fsevents/fsevents"
"fsevents@2.3.2","MIT","https://github.com/fsevents/fsevents"
"function-bind@1.1.1","MIT","https://github.com/Raynos/function-bind"
"gauge@2.7.4","ISC","https://github.com/iarna/gauge"
"gensync@1.0.0-beta.2","MIT","https://github.com/loganfsmyth/gensync"
"get-caller-file@2.0.5","ISC","https://github.com/stefanpenner/get-caller-file"
"get-intrinsic@1.1.1","MIT","https://github.com/ljharb/get-intrinsic"
"get-stream@4.1.0","MIT","https://github.com/sindresorhus/get-stream"
"get-value@2.0.6","MIT","https://github.com/jonschlinkert/get-value"
"getpass@0.1.7","MIT","https://github.com/arekinath/node-getpass"
"glob-parent@3.1.0","ISC","https://github.com/es128/glob-parent"
"glob-parent@5.1.1","ISC","https://github.com/gulpjs/glob-parent"
"glob@7.1.6","ISC","https://github.com/isaacs/node-glob"
"globals@11.12.0","MIT","https://github.com/sindresorhus/globals"
"globby@11.0.3","MIT","https://github.com/sindresorhus/globby"
"globby@5.0.0","MIT","https://github.com/sindresorhus/globby"
"globby@6.1.0","MIT","https://github.com/sindresorhus/globby"
"graceful-fs@4.2.4","ISC","https://github.com/isaacs/node-graceful-fs"
"handle-thing@2.0.1","MIT","https://github.com/indutny/handle-thing"
"har-schema@2.0.0","ISC","https://github.com/ahmadnassri/har-schema"
"har-validator@5.1.5","MIT","https://github.com/ahmadnassri/node-har-validator"
"has-ansi@2.0.0","MIT","https://github.com/sindresorhus/has-ansi"
"has-flag@3.0.0","MIT","https://github.com/sindresorhus/has-flag"
"has-flag@4.0.0","MIT","https://github.com/sindresorhus/has-flag"
"has-symbols@1.0.1","MIT","https://github.com/ljharb/has-symbols"
"has-unicode@2.0.1","ISC","https://github.com/iarna/has-unicode"
"has-value@0.3.1","MIT","https://github.com/jonschlinkert/has-value"
"has-value@1.0.0","MIT","https://github.com/jonschlinkert/has-value"
"has-values@0.1.4","MIT","https://github.com/jonschlinkert/has-values"
"has-values@1.0.0","MIT","https://github.com/jonschlinkert/has-values"
"has@1.0.3","MIT","https://github.com/tarruda/has"
"hash-base@3.1.0","MIT","https://github.com/crypto-browserify/hash-base"
"hash.js@1.1.7","MIT","https://github.com/indutny/hash.js"
"hex-color-regex@1.1.0","MIT","https://github.com/regexps/hex-color-regex"
"hmac-drbg@1.0.1","MIT","https://github.com/indutny/hmac-drbg"
"hosted-git-info@3.0.7","ISC","https://github.com/npm/hosted-git-info"
"hpack.js@2.1.6","MIT","https://github.com/indutny/hpack.js"
"hsl-regex@1.0.0","MIT","https://github.com/regexps/hsl-regex"
"hsla-regex@1.0.0","MIT","https://github.com/regexps/hsla-regex"
"html-comment-regex@1.1.2","MIT","https://github.com/stevemao/html-comment-regex"
"html-entities@1.4.0","MIT","https://github.com/mdevils/node-html-entities"
"html-escaper@2.0.2","MIT","https://github.com/WebReflection/html-escaper"
"http-cache-semantics@4.1.0","BSD-2-Clause","https://github.com/kornelski/http-cache-semantics"
"http-deceiver@1.2.7","MIT","https://github.com/indutny/http-deceiver"
"http-errors@1.6.3","MIT","https://github.com/jshttp/http-errors"
"http-errors@1.7.2","MIT","https://github.com/jshttp/http-errors"
"http-parser-js@0.5.3","MIT","https://github.com/creationix/http-parser-js"
"http-proxy-agent@4.0.1","MIT","https://github.com/TooTallNate/node-http-proxy-agent"
"http-proxy-middleware@0.19.1","MIT","https://github.com/chimurai/http-proxy-middleware"
"http-proxy@1.18.1","MIT","https://github.com/http-party/node-http-proxy"
"http-signature@1.2.0","MIT","https://github.com/joyent/node-http-signature"
"https-browserify@1.0.0","MIT","https://github.com/substack/https-browserify"
"https-proxy-agent@2.2.4","MIT","https://github.com/TooTallNate/node-https-proxy-agent"
"https-proxy-agent@5.0.0","MIT","https://github.com/TooTallNate/node-https-proxy-agent"
"humanize-ms@1.2.1","MIT","https://github.com/node-modules/humanize-ms"
"iconv-lite@0.4.24","MIT","https://github.com/ashtuchkin/iconv-lite"
"iconv-lite@0.6.2","MIT","https://github.com/ashtuchkin/iconv-lite"
"icss-utils@5.1.0","ISC","https://github.com/css-modules/icss-utils"
"ieee754@1.2.1","BSD-3-Clause","https://github.com/feross/ieee754"
"iferr@0.1.5","MIT","https://github.com/shesek/iferr"
"ignore-walk@3.0.3","ISC","https://github.com/isaacs/ignore-walk"
"ignore@5.1.8","MIT","https://github.com/kaelzhang/node-ignore"
"image-size@0.5.5","MIT","https://github.com/image-size/image-size"
"immediate@3.0.6","MIT","https://github.com/calvinmetcalf/immediate"
"import-fresh@2.0.0","MIT","https://github.com/sindresorhus/import-fresh"
"import-fresh@3.3.0","MIT","https://github.com/sindresorhus/import-fresh"
"import-local@2.0.0","MIT","https://github.com/sindresorhus/import-local"
"imurmurhash@0.1.4","MIT","https://github.com/jensyt/imurmurhash-js"
"indent-string@4.0.0","MIT","https://github.com/sindresorhus/indent-string"
"indexes-of@1.0.1","MIT","https://github.com/dominictarr/indexes-of"
"infer-owner@1.0.4","ISC","https://github.com/npm/infer-owner"
"inflight@1.0.6","ISC","https://github.com/npm/inflight"
"inherits@2.0.1","ISC","https://github.com/isaacs/inherits"
"inherits@2.0.3","ISC","https://github.com/isaacs/inherits"
"inherits@2.0.4","ISC","https://github.com/isaacs/inherits"
"ini@1.3.5","ISC","https://github.com/isaacs/ini"
"ini@2.0.0","ISC","https://github.com/isaacs/ini"
"inquirer@7.3.3","MIT","https://github.com/SBoudrias/Inquirer.js"
"internal-ip@4.3.0","MIT","https://github.com/sindresorhus/internal-ip"
"ip-regex@2.1.0","MIT","https://github.com/sindresorhus/ip-regex"
"ip@1.1.5","MIT","https://github.com/indutny/node-ip"
"ipaddr.js@1.9.1","MIT","https://github.com/whitequark/ipaddr.js"
"is-absolute-url@2.1.0","MIT","https://github.com/sindresorhus/is-absolute-url"
"is-absolute-url@3.0.3","MIT","https://github.com/sindresorhus/is-absolute-url"
"is-accessor-descriptor@0.1.6","MIT","https://github.com/jonschlinkert/is-accessor-descriptor"
"is-accessor-descriptor@1.0.0","MIT","https://github.com/jonschlinkert/is-accessor-descriptor"
"is-arguments@1.1.0","MIT","https://github.com/inspect-js/is-arguments"
"is-arrayish@0.2.1","MIT","https://github.com/qix-/node-is-arrayish"
"is-arrayish@0.3.2","MIT","https://github.com/qix-/node-is-arrayish"
"is-binary-path@1.0.1","MIT","https://github.com/sindresorhus/is-binary-path"
"is-binary-path@2.1.0","MIT","https://github.com/sindresorhus/is-binary-path"
"is-buffer@1.1.6","MIT","https://github.com/feross/is-buffer"
"is-callable@1.2.2","MIT","https://github.com/ljharb/is-callable"
"is-color-stop@1.1.0","MIT","https://github.com/pigcan/is-color-stop"
"is-core-module@2.2.0","MIT","https://github.com/inspect-js/is-core-module"
"is-data-descriptor@0.1.4","MIT","https://github.com/jonschlinkert/is-data-descriptor"
"is-data-descriptor@1.0.0","MIT","https://github.com/jonschlinkert/is-data-descriptor"
"is-date-object@1.0.2","MIT","https://github.com/ljharb/is-date-object"
"is-descriptor@0.1.6","MIT","https://github.com/jonschlinkert/is-descriptor"
"is-descriptor@1.0.2","MIT","https://github.com/jonschlinkert/is-descriptor"
"is-directory@0.3.1","MIT","https://github.com/jonschlinkert/is-directory"
"is-docker@2.1.1","MIT","https://github.com/sindresorhus/is-docker"
"is-extendable@0.1.1","MIT","https://github.com/jonschlinkert/is-extendable"
"is-extendable@1.0.1","MIT","https://github.com/jonschlinkert/is-extendable"
"is-extglob@2.1.1","MIT","https://github.com/jonschlinkert/is-extglob"
"is-fullwidth-code-point@1.0.0","MIT","https://github.com/sindresorhus/is-fullwidth-code-point"
"is-fullwidth-code-point@2.0.0","MIT","https://github.com/sindresorhus/is-fullwidth-code-point"
"is-fullwidth-code-point@3.0.0","MIT","https://github.com/sindresorhus/is-fullwidth-code-point"
"is-glob@3.1.0","MIT","https://github.com/jonschlinkert/is-glob"
"is-glob@4.0.1","MIT","https://github.com/micromatch/is-glob"
"is-interactive@1.0.0","MIT","https://github.com/sindresorhus/is-interactive"
"is-lambda@1.0.1","MIT","https://github.com/watson/is-lambda"
"is-negative-zero@2.0.0","MIT","https://github.com/ljharb/is-negative-zero"
"is-number@3.0.0","MIT","https://github.com/jonschlinkert/is-number"
"is-number@7.0.0","MIT","https://github.com/jonschlinkert/is-number"
"is-obj@2.0.0","MIT","https://github.com/sindresorhus/is-obj"
"is-path-cwd@1.0.0","MIT","https://github.com/sindresorhus/is-path-cwd"
"is-path-cwd@2.2.0","MIT","https://github.com/sindresorhus/is-path-cwd"
"is-path-in-cwd@1.0.1","MIT","https://github.com/sindresorhus/is-path-in-cwd"
"is-path-in-cwd@2.1.0","MIT","https://github.com/sindresorhus/is-path-in-cwd"
"is-path-inside@1.0.1","MIT","https://github.com/sindresorhus/is-path-inside"
"is-path-inside@2.1.0","MIT","https://github.com/sindresorhus/is-path-inside"
"is-plain-object@2.0.4","MIT","https://github.com/jonschlinkert/is-plain-object"
"is-regex@1.1.1","MIT","https://github.com/ljharb/is-regex"
"is-resolvable@1.1.0","ISC","https://github.com/shinnn/is-resolvable"
"is-stream@1.1.0","MIT","https://github.com/sindresorhus/is-stream"
"is-svg@3.0.0","MIT","https://github.com/sindresorhus/is-svg"
"is-symbol@1.0.3","MIT","https://github.com/inspect-js/is-symbol"
"is-typedarray@1.0.0","MIT","https://github.com/hughsk/is-typedarray"
"is-unicode-supported@0.1.0","MIT","https://github.com/sindresorhus/is-unicode-supported"
"is-what@3.14.1","MIT","https://github.com/mesqueeb/is-what"
"is-windows@1.0.2","MIT","https://github.com/jonschlinkert/is-windows"
"is-wsl@1.1.0","MIT","https://github.com/sindresorhus/is-wsl"
"is-wsl@2.2.0","MIT","https://github.com/sindresorhus/is-wsl"
"isarray@1.0.0","MIT","https://github.com/juliangruber/isarray"
"isarray@2.0.5","MIT","https://github.com/juliangruber/isarray"
"isbinaryfile@4.0.6","MIT","https://github.com/gjtorikian/isBinaryFile"
"isexe@2.0.0","ISC","https://github.com/isaacs/isexe"
"isobject@2.1.0","MIT","https://github.com/jonschlinkert/isobject"
"isobject@3.0.1","MIT","https://github.com/jonschlinkert/isobject"
"isstream@0.1.2","MIT","https://github.com/rvagg/isstream"
"istanbul-lib-coverage@3.0.0","BSD-3-Clause","https://github.com/istanbuljs/istanbuljs"
"istanbul-lib-instrument@4.0.3","BSD-3-Clause","https://github.com/istanbuljs/istanbuljs"
"istanbul-lib-report@3.0.0","BSD-3-Clause","https://github.com/istanbuljs/istanbuljs"
"istanbul-lib-source-maps@4.0.0","BSD-3-Clause","https://github.com/istanbuljs/istanbuljs"
"istanbul-reports@3.0.2","BSD-3-Clause","https://github.com/istanbuljs/istanbuljs"
"jasmine-core@2.8.0","MIT","https://github.com/jasmine/jasmine"
"jasmine-core@3.6.0","MIT","https://github.com/jasmine/jasmine"
"jasmine-spec-reporter@5.0.2","Apache-2.0","https://github.com/bcaudan/jasmine-spec-reporter"
"jasmine@2.8.0","MIT","https://github.com/jasmine/jasmine-npm"
"jasminewd2@2.2.0","MIT","https://github.com/angular/jasminewd"
"jest-worker@26.6.2","MIT","https://github.com/facebook/jest"
"js-tokens@4.0.0","MIT","https://github.com/lydell/js-tokens"
"js-yaml@3.14.0","MIT","https://github.com/nodeca/js-yaml"
"jsbn@0.1.1","MIT","https://github.com/andyperlitch/jsbn"
"jsesc@0.5.0","MIT","https://github.com/mathiasbynens/jsesc"
"jsesc@2.5.2","MIT","https://github.com/mathiasbynens/jsesc"
"json-parse-better-errors@1.0.2","MIT","https://github.com/zkat/json-parse-better-errors"
"json-parse-even-better-errors@2.3.1","MIT","https://github.com/npm/json-parse-even-better-errors"
"json-schema-traverse@0.4.1","MIT","https://github.com/epoberezkin/json-schema-traverse"
"json-schema@0.2.3","AFLv2.1,BSD","https://github.com/kriszyp/json-schema"
"json-stringify-safe@5.0.1","ISC","https://github.com/isaacs/json-stringify-safe"
"json3@3.3.3","MIT","https://github.com/bestiejs/json3"
"json5@1.0.1","MIT","https://github.com/json5/json5"
"json5@2.1.3","MIT","https://github.com/json5/json5"
"jsonc-parser@3.0.0","MIT","https://github.com/microsoft/node-jsonc-parser"
"jsonfile@4.0.0","MIT","https://github.com/jprichardson/node-jsonfile"
"jsonparse@1.3.1","MIT","https://github.com/creationix/jsonparse"
"jsprim@1.4.1","MIT","https://github.com/joyent/node-jsprim"
"jszip@3.5.0","(MIT OR GPL-3.0)","https://github.com/Stuk/jszip"
"karma-chrome-launcher@3.1.0","MIT","https://github.com/karma-runner/karma-chrome-launcher"
"karma-coverage@2.0.3","MIT","https://github.com/karma-runner/karma-coverage"
"karma-jasmine-html-reporter@1.5.4","MIT","https://github.com/dfederm/karma-jasmine-html-reporter"
"karma-jasmine@4.0.1","MIT","https://github.com/karma-runner/karma-jasmine"
"karma-source-map-support@1.4.0","MIT","https://github.com/tschaub/karma-source-map-support"
"karma@6.2.0","MIT","https://github.com/karma-runner/karma"
"killable@1.0.1","ISC","https://github.com/marten-de-vries/killable"
"kind-of@3.2.2","MIT","https://github.com/jonschlinkert/kind-of"
"kind-of@4.0.0","MIT","https://github.com/jonschlinkert/kind-of"
"kind-of@5.1.0","MIT","https://github.com/jonschlinkert/kind-of"
"kind-of@6.0.3","MIT","https://github.com/jonschlinkert/kind-of"
"klona@2.0.4","MIT","https://github.com/lukeed/klona"
"less-loader@7.3.0","MIT","https://github.com/webpack-contrib/less-loader"
"less@4.1.1","Apache-2.0","https://github.com/less/less.js"
"libphonenumber-js@1.9.16","MIT","git+https://gitlab.com/catamphetamine/libphonenumber-js"
"license-webpack-plugin@2.3.11","ISC","https://github.com/xz64/license-webpack-plugin"
"lie@3.3.0","MIT","https://github.com/calvinmetcalf/lie"
"lines-and-columns@1.1.6","MIT","https://github.com/eventualbuddha/lines-and-columns"
"loader-runner@2.4.0","MIT","https://github.com/webpack/loader-runner"
"loader-utils@1.2.3","MIT","https://github.com/webpack/loader-utils"
"loader-utils@1.4.0","MIT","https://github.com/webpack/loader-utils"
"loader-utils@2.0.0","MIT","https://github.com/webpack/loader-utils"
"locate-path@3.0.0","MIT","https://github.com/sindresorhus/locate-path"
"locate-path@5.0.0","MIT","https://github.com/sindresorhus/locate-path"
"lodash-es@4.17.21","MIT","https://github.com/lodash/lodash"
"lodash.memoize@4.1.2","MIT","https://github.com/lodash/lodash"
"lodash.uniq@4.5.0","MIT","https://github.com/lodash/lodash"
"lodash@4.17.20","MIT","https://github.com/lodash/lodash"
"log-symbols@4.1.0","MIT","https://github.com/sindresorhus/log-symbols"
"log4js@6.3.0","Apache-2.0","https://github.com/log4js-node/log4js-node"
"loglevel@1.7.1","MIT","https://github.com/pimterry/loglevel"
"lru-cache@5.1.1","ISC","https://github.com/isaacs/node-lru-cache"
"lru-cache@6.0.0","ISC","https://github.com/isaacs/node-lru-cache"
"magic-string@0.25.7","MIT","https://github.com/rich-harris/magic-string"
"make-dir@2.1.0","MIT","https://github.com/sindresorhus/make-dir"
"make-dir@3.1.0","MIT","https://github.com/sindresorhus/make-dir"
"make-error@1.3.6","ISC","https://github.com/JsCommunity/make-error"
"make-fetch-happen@8.0.14","ISC","https://github.com/npm/make-fetch-happen"
"map-cache@0.2.2","MIT","https://github.com/jonschlinkert/map-cache"
"map-visit@1.0.0","MIT","https://github.com/jonschlinkert/map-visit"
"md5.js@1.3.5","MIT","https://github.com/crypto-browserify/md5.js"
"mdn-data@2.0.12","CC0-1.0","https://github.com/mdn/data"
"mdn-data@2.0.4","CC0-1.0","https://github.com/mdn/data"
"media-typer@0.3.0","MIT","https://github.com/jshttp/media-typer"
"memory-fs@0.4.1","MIT","https://github.com/webpack/memory-fs"
"memory-fs@0.5.0","MIT","https://github.com/webpack/memory-fs"
"merge-descriptors@1.0.1","MIT","https://github.com/component/merge-descriptors"
"merge-source-map@1.1.0","MIT","https://github.com/keik/merge-source-map"
"merge-stream@2.0.0","MIT","https://github.com/grncdr/merge-stream"
"merge2@1.4.1","MIT","https://github.com/teambition/merge2"
"methods@1.1.2","MIT","https://github.com/jshttp/methods"
"micromatch@3.1.10","MIT","https://github.com/micromatch/micromatch"
"micromatch@4.0.2","MIT","https://github.com/micromatch/micromatch"
"miller-rabin@4.0.1","MIT","https://github.com/indutny/miller-rabin"
"mime-db@1.44.0","MIT","https://github.com/jshttp/mime-db"
"mime-types@2.1.27","MIT","https://github.com/jshttp/mime-types"
"mime@1.6.0","MIT","https://github.com/broofa/node-mime"
"mime@2.5.2","MIT","https://github.com/broofa/mime"
"mimic-fn@2.1.0","MIT","https://github.com/sindresorhus/mimic-fn"
"mini-css-extract-plugin@1.3.5","MIT","https://github.com/webpack-contrib/mini-css-extract-plugin"
"minimalistic-assert@1.0.1","ISC","https://github.com/calvinmetcalf/minimalistic-assert"
"minimalistic-crypto-utils@1.0.1","MIT","https://github.com/indutny/minimalistic-crypto-utils"
"minimatch@3.0.4","ISC","https://github.com/isaacs/minimatch"
"minimist@1.2.5","MIT","https://github.com/substack/minimist"
"minipass-collect@1.0.2","ISC",""
"minipass-fetch@1.3.3","MIT","https://github.com/npm/minipass-fetch"
"minipass-flush@1.0.5","ISC","https://github.com/isaacs/minipass-flush"
"minipass-json-stream@1.0.1","MIT","https://github.com/npm/minipass-json-stream"
"minipass-pipeline@1.2.4","ISC",""
"minipass-sized@1.0.3","ISC","https://github.com/isaacs/minipass-sized"
"minipass@3.1.3","ISC","https://github.com/isaacs/minipass"
"minizlib@2.1.2","MIT","https://github.com/isaacs/minizlib"
"mississippi@3.0.0","BSD-2-Clause","https://github.com/maxogden/mississippi"
"mixin-deep@1.3.2","MIT","https://github.com/jonschlinkert/mixin-deep"
"mkdirp@0.5.5","MIT","https://github.com/substack/node-mkdirp"
"mkdirp@1.0.4","MIT","https://github.com/isaacs/node-mkdirp"
"moment@2.29.1","MIT","https://github.com/moment/moment"
"move-concurrently@1.0.1","ISC","https://github.com/npm/move-concurrently"
"ms@2.0.0","MIT","https://github.com/zeit/ms"
"ms@2.1.1","MIT","https://github.com/zeit/ms"
"ms@2.1.2","MIT","https://github.com/zeit/ms"
"multicast-dns-service-types@1.1.0","MIT","https://github.com/mafintosh/multicast-dns-service-types"
"multicast-dns@6.2.3","MIT","https://github.com/mafintosh/multicast-dns"
"mute-stream@0.0.8","ISC","https://github.com/isaacs/mute-stream"
"nan@2.14.2","MIT","https://github.com/nodejs/nan"
"nanoid@3.1.22","MIT","https://github.com/ai/nanoid"
"nanomatch@1.2.13","MIT","https://github.com/micromatch/nanomatch"
"needle@2.6.0","MIT","https://github.com/tomas/needle"
"negotiator@0.6.2","MIT","https://github.com/jshttp/negotiator"
"neo-async@2.6.2","MIT","https://github.com/suguru03/neo-async"
"next-tick@1.0.0","MIT","https://github.com/medikoo/next-tick"
"ng2-charts@2.4.2","ISC","https://github.com/valor-software/ng2-charts"
"nice-try@1.0.5","MIT","https://github.com/electerious/nice-try"
"node-forge@0.10.0","(BSD-3-Clause OR GPL-2.0)","https://github.com/digitalbazaar/forge"
"node-gyp@7.1.2","MIT","https://github.com/nodejs/node-gyp"
"node-libs-browser@2.2.1","MIT","https://github.com/webpack/node-libs-browser"
"node-releases@1.1.71","MIT","https://github.com/chicoxyzzy/node-releases"
"nopt@5.0.0","ISC","https://github.com/npm/nopt"
"normalize-path@2.1.1","MIT","https://github.com/jonschlinkert/normalize-path"
"normalize-path@3.0.0","MIT","https://github.com/jonschlinkert/normalize-path"
"normalize-range@0.1.2","MIT","https://github.com/jamestalmage/normalize-range"
"normalize-url@3.3.0","MIT","https://github.com/sindresorhus/normalize-url"
"npm-bundled@1.1.1","ISC","https://github.com/npm/npm-bundled"
"npm-install-checks@4.0.0","BSD-2-Clause","https://github.com/npm/npm-install-checks"
"npm-normalize-package-bin@1.0.1","ISC","https://github.com/npm/npm-normalize-package-bin"
"npm-package-arg@8.1.0","ISC","https://github.com/npm/npm-package-arg"
"npm-packlist@2.1.4","ISC","https://github.com/npm/npm-packlist"
"npm-pick-manifest@6.1.0","ISC","https://github.com/npm/npm-pick-manifest"
"npm-registry-fetch@9.0.0","ISC","https://github.com/npm/npm-registry-fetch"
"npm-run-path@2.0.2","MIT","https://github.com/sindresorhus/npm-run-path"
"npmlog@4.1.2","ISC","https://github.com/npm/npmlog"
"nth-check@1.0.2","BSD-2-Clause","https://github.com/fb55/nth-check"
"number-is-nan@1.0.1","MIT","https://github.com/sindresorhus/number-is-nan"
"oauth-sign@0.9.0","Apache-2.0","https://github.com/mikeal/oauth-sign"
"object-assign@4.1.1","MIT","https://github.com/sindresorhus/object-assign"
"object-copy@0.1.0","MIT","https://github.com/jonschlinkert/object-copy"
"object-inspect@1.8.0","MIT","https://github.com/inspect-js/object-inspect"
"object-is@1.1.5","MIT","https://github.com/es-shims/object-is"
"object-keys@1.1.1","MIT","https://github.com/ljharb/object-keys"
"object-visit@1.0.1","MIT","https://github.com/jonschlinkert/object-visit"
"object.assign@4.1.2","MIT","https://github.com/ljharb/object.assign"
"object.getownpropertydescriptors@2.1.0","MIT","https://github.com/es-shims/object.getownpropertydescriptors"
"object.pick@1.3.0","MIT","https://github.com/jonschlinkert/object.pick"
"object.values@1.1.1","MIT","https://github.com/es-shims/Object.values"
"obuf@1.1.2","MIT","https://github.com/indutny/offset-buffer"
"on-finished@2.3.0","MIT","https://github.com/jshttp/on-finished"
"on-headers@1.0.2","MIT","https://github.com/jshttp/on-headers"
"once@1.4.0","ISC","https://github.com/isaacs/once"
"onetime@5.1.2","MIT","https://github.com/sindresorhus/onetime"
"open@7.4.0","MIT","https://github.com/sindresorhus/open"
"opn@5.5.0","MIT","https://github.com/sindresorhus/opn"
"ora@5.3.0","MIT","https://github.com/sindresorhus/ora"
"original@1.0.2","MIT","https://github.com/unshiftio/original"
"os-browserify@0.3.0","MIT","https://github.com/CoderPuppy/os-browserify"
"os-tmpdir@1.0.2","MIT","https://github.com/sindresorhus/os-tmpdir"
"p-finally@1.0.0","MIT","https://github.com/sindresorhus/p-finally"
"p-limit@2.3.0","MIT","https://github.com/sindresorhus/p-limit"
"p-limit@3.0.2","MIT","https://github.com/sindresorhus/p-limit"
"p-locate@3.0.0","MIT","https://github.com/sindresorhus/p-locate"
"p-locate@4.1.0","MIT","https://github.com/sindresorhus/p-locate"
"p-map@2.1.0","MIT","https://github.com/sindresorhus/p-map"
"p-map@4.0.0","MIT","https://github.com/sindresorhus/p-map"
"p-retry@3.0.1","MIT","https://github.com/sindresorhus/p-retry"
"p-try@2.2.0","MIT","https://github.com/sindresorhus/p-try"
"pacote@11.2.4","ISC","https://github.com/npm/pacote"
"pako@1.0.11","(MIT AND Zlib)","https://github.com/nodeca/pako"
"parallel-transform@1.2.0","MIT","https://github.com/mafintosh/parallel-transform"
"parent-module@1.0.1","MIT","https://github.com/sindresorhus/parent-module"
"parse-asn1@5.1.6","ISC","https://github.com/crypto-browserify/parse-asn1"
"parse-json@4.0.0","MIT","https://github.com/sindresorhus/parse-json"
"parse-json@5.2.0","MIT","https://github.com/sindresorhus/parse-json"
"parse-node-version@1.0.1","MIT","https://github.com/gulpjs/parse-node-version"
"parse5-html-rewriting-stream@6.0.1","MIT","https://github.com/inikulin/parse5"
"parse5-htmlparser2-tree-adapter@6.0.1","MIT","https://github.com/inikulin/parse5"
"parse5-sax-parser@6.0.1","MIT","https://github.com/inikulin/parse5"
"parse5@5.1.1","MIT","https://github.com/inikulin/parse5"
"parse5@6.0.1","MIT","https://github.com/inikulin/parse5"
"parseurl@1.3.3","MIT","https://github.com/pillarjs/parseurl"
"pascalcase@0.1.1","MIT","https://github.com/jonschlinkert/pascalcase"
"path-browserify@0.0.1","MIT","https://github.com/substack/path-browserify"
"path-dirname@1.0.2","MIT","https://github.com/es128/path-dirname"
"path-exists@3.0.0","MIT","https://github.com/sindresorhus/path-exists"
"path-exists@4.0.0","MIT","https://github.com/sindresorhus/path-exists"
"path-is-absolute@1.0.1","MIT","https://github.com/sindresorhus/path-is-absolute"
"path-is-inside@1.0.2","(WTFPL OR MIT)","https://github.com/domenic/path-is-inside"
"path-key@2.0.1","MIT","https://github.com/sindresorhus/path-key"
"path-parse@1.0.6","MIT","https://github.com/jbgutierrez/path-parse"
"path-to-regexp@0.1.7","MIT","https://github.com/component/path-to-regexp"
"path-type@4.0.0","MIT","https://github.com/sindresorhus/path-type"
"pbkdf2@3.1.1","MIT","https://github.com/crypto-browserify/pbkdf2"
"performance-now@2.1.0","MIT","https://github.com/braveg1rl/performance-now"
"picomatch@2.2.2","MIT","https://github.com/micromatch/picomatch"
"pify@2.3.0","MIT","https://github.com/sindresorhus/pify"
"pify@4.0.1","MIT","https://github.com/sindresorhus/pify"
"pinkie-promise@2.0.1","MIT","https://github.com/floatdrop/pinkie-promise"
"pinkie@2.0.4","MIT","https://github.com/floatdrop/pinkie"
"pkg-dir@3.0.0","MIT","https://github.com/sindresorhus/pkg-dir"
"pkg-dir@4.2.0","MIT","https://github.com/sindresorhus/pkg-dir"
"pngjs@3.4.0","MIT","https://github.com/lukeapage/pngjs2"
"pnp-webpack-plugin@1.6.4","MIT","https://github.com/arcanis/pnp-webpack-plugin"
"portfinder@1.0.28","MIT","https://github.com/http-party/node-portfinder"
"posix-character-classes@0.1.1","MIT","https://github.com/jonschlinkert/posix-character-classes"
"postcss-calc@7.0.5","MIT","https://github.com/postcss/postcss-calc"
"postcss-colormin@4.0.3","MIT","https://github.com/cssnano/cssnano"
"postcss-convert-values@4.0.1","MIT","https://github.com/cssnano/cssnano"
"postcss-discard-comments@4.0.2","MIT","https://github.com/cssnano/cssnano"
"postcss-discard-duplicates@4.0.2","MIT","https://github.com/cssnano/cssnano"
"postcss-discard-empty@4.0.1","MIT","https://github.com/cssnano/cssnano"
"postcss-discard-overridden@4.0.1","MIT","https://github.com/cssnano/cssnano"
"postcss-import@14.0.0","MIT","https://github.com/postcss/postcss-import"
"postcss-loader@4.2.0","MIT","https://github.com/webpack-contrib/postcss-loader"
"postcss-merge-longhand@4.0.11","MIT","https://github.com/cssnano/cssnano"
"postcss-merge-rules@4.0.3","MIT","https://github.com/cssnano/cssnano"
"postcss-minify-font-values@4.0.2","MIT","https://github.com/cssnano/cssnano"
"postcss-minify-gradients@4.0.2","MIT","https://github.com/cssnano/cssnano"
"postcss-minify-params@4.0.2","MIT","https://github.com/cssnano/cssnano"
"postcss-minify-selectors@4.0.2","MIT","https://github.com/cssnano/cssnano"
"postcss-modules-extract-imports@3.0.0","ISC","https://github.com/css-modules/postcss-modules-extract-imports"
"postcss-modules-local-by-default@4.0.0","MIT","https://github.com/css-modules/postcss-modules-local-by-default"
"postcss-modules-scope@3.0.0","ISC","https://github.com/css-modules/postcss-modules-scope"
"postcss-modules-values@4.0.0","ISC","https://github.com/css-modules/postcss-modules-values"
"postcss-normalize-charset@4.0.1","MIT","https://github.com/cssnano/cssnano"
"postcss-normalize-display-values@4.0.2","MIT","https://github.com/cssnano/cssnano"
"postcss-normalize-positions@4.0.2","MIT","https://github.com/cssnano/cssnano"
"postcss-normalize-repeat-style@4.0.2","MIT","https://github.com/cssnano/cssnano"
"postcss-normalize-string@4.0.2","MIT","https://github.com/cssnano/cssnano"
"postcss-normalize-timing-functions@4.0.2","MIT","https://github.com/cssnano/cssnano"
"postcss-normalize-unicode@4.0.1","MIT","https://github.com/cssnano/cssnano"
"postcss-normalize-url@4.0.1","MIT","https://github.com/cssnano/cssnano"
"postcss-normalize-whitespace@4.0.2","MIT","https://github.com/cssnano/cssnano"
"postcss-ordered-values@4.1.2","MIT","https://github.com/cssnano/cssnano"
"postcss-reduce-initial@4.0.3","MIT","https://github.com/cssnano/cssnano"
"postcss-reduce-transforms@4.0.2","MIT","https://github.com/cssnano/cssnano"
"postcss-selector-parser@3.1.2","MIT","https://github.com/postcss/postcss-selector-parser"
"postcss-selector-parser@6.0.4","MIT","https://github.com/postcss/postcss-selector-parser"
"postcss-svgo@4.0.2","MIT","https://github.com/cssnano/cssnano"
"postcss-unique-selectors@4.0.1","MIT","https://github.com/cssnano/cssnano"
"postcss-value-parser@3.3.1","MIT","https://github.com/TrySound/postcss-value-parser"
"postcss-value-parser@4.1.0","MIT","https://github.com/TrySound/postcss-value-parser"
"postcss@7.0.21","MIT","https://github.com/postcss/postcss"
"postcss@7.0.35","MIT","https://github.com/postcss/postcss"
"postcss@8.2.4","MIT","https://github.com/postcss/postcss"
"postcss@8.2.8","MIT","https://github.com/postcss/postcss"
"pretty-bytes@5.6.0","MIT","https://github.com/sindresorhus/pretty-bytes"
"process-nextick-args@2.0.1","MIT","https://github.com/calvinmetcalf/process-nextick-args"
"process@0.11.10","MIT","https://github.com/shtylman/node-process"
"promise-inflight@1.0.1","ISC","https://github.com/iarna/promise-inflight"
"promise-retry@1.1.1","MIT","https://github.com/IndigoUnited/node-promise-retry"
"promise-retry@2.0.1","MIT","https://github.com/IndigoUnited/node-promise-retry"
"protractor@7.0.0","MIT","https://github.com/angular/protractor"
"proxy-addr@2.0.6","MIT","https://github.com/jshttp/proxy-addr"
"prr@1.0.1","MIT","https://github.com/rvagg/prr"
"psl@1.8.0","MIT","https://github.com/lupomontero/psl"
"public-encrypt@4.0.3","MIT","https://github.com/crypto-browserify/publicEncrypt"
"pump@2.0.1","MIT","https://github.com/mafintosh/pump"
"pump@3.0.0","MIT","https://github.com/mafintosh/pump"
"pumpify@1.5.1","MIT","https://github.com/mafintosh/pumpify"
"punycode@1.3.2","MIT","https://github.com/bestiejs/punycode.js"
"punycode@1.4.1","MIT","https://github.com/bestiejs/punycode.js"
"punycode@2.1.1","MIT","https://github.com/bestiejs/punycode.js"
"q@1.4.1","MIT","https://github.com/kriskowal/q"
"qjobs@1.2.0","MIT","https://github.com/franck34/qjobs"
"qrcode@1.4.4","MIT","https://github.com/soldair/node-qrcode"
"qs@6.5.2","BSD-3-Clause","https://github.com/ljharb/qs"
"qs@6.7.0","BSD-3-Clause","https://github.com/ljharb/qs"
"querystring-es3@0.2.1","MIT","https://github.com/mike-spainhower/querystring"
"querystring@0.2.0","MIT","https://github.com/Gozala/querystring"
"querystringify@2.2.0","MIT","https://github.com/unshiftio/querystringify"
"queue-microtask@1.2.3","MIT","https://github.com/feross/queue-microtask"
"randombytes@2.1.0","MIT","https://github.com/crypto-browserify/randombytes"
"randomfill@1.0.4","MIT","https://github.com/crypto-browserify/randomfill"
"range-parser@1.2.1","MIT","https://github.com/jshttp/range-parser"
"raw-body@2.4.0","MIT","https://github.com/stream-utils/raw-body"
"raw-loader@4.0.2","MIT","https://github.com/webpack-contrib/raw-loader"
"read-cache@1.0.0","MIT","https://github.com/TrySound/read-cache"
"read-package-json-fast@1.2.2","ISC","https://github.com/npm/read-package-json-fast"
"read-package-json-fast@2.0.2","ISC","https://github.com/npm/read-package-json-fast"
"readable-stream@2.3.7","MIT","https://github.com/nodejs/readable-stream"
"readable-stream@3.6.0","MIT","https://github.com/nodejs/readable-stream"
"readdirp@2.2.1","MIT","https://github.com/paulmillr/readdirp"
"readdirp@3.5.0","MIT","https://github.com/paulmillr/readdirp"
"reflect-metadata@0.1.13","Apache-2.0","https://github.com/rbuckton/reflect-metadata"
"regenerate-unicode-properties@8.2.0","MIT","https://github.com/mathiasbynens/regenerate-unicode-properties"
"regenerate@1.4.2","MIT","https://github.com/mathiasbynens/regenerate"
"regenerator-runtime@0.13.7","MIT","https://github.com/facebook/regenerator/tree/master/packages/regenerator-runtime"
"regenerator-transform@0.14.5","MIT","https://github.com/facebook/regenerator/tree/master/packages/regenerator-transform"
"regex-not@1.0.2","MIT","https://github.com/jonschlinkert/regex-not"
"regex-parser@2.2.11","MIT","https://github.com/IonicaBizau/regex-parser.js"
"regexp.prototype.flags@1.3.1","MIT","https://github.com/es-shims/RegExp.prototype.flags"
"regexpu-core@4.7.1","MIT","https://github.com/mathiasbynens/regexpu-core"
"regjsgen@0.5.2","MIT","https://github.com/bnjmnt4n/regjsgen"
"regjsparser@0.6.8","BSD-2-Clause","https://github.com/jviereck/regjsparser"
"remove-trailing-separator@1.1.0","ISC","https://github.com/darsain/remove-trailing-separator"
"repeat-element@1.1.3","MIT","https://github.com/jonschlinkert/repeat-element"
"repeat-string@1.6.1","MIT","https://github.com/jonschlinkert/repeat-string"
"request@2.88.2","Apache-2.0","https://github.com/request/request"
"require-directory@2.1.1","MIT","https://github.com/troygoode/node-require-directory"
"require-main-filename@2.0.0","ISC","https://github.com/yargs/require-main-filename"
"requires-port@1.0.0","MIT","https://github.com/unshiftio/requires-port"
"resolve-cwd@2.0.0","MIT","https://github.com/sindresorhus/resolve-cwd"
"resolve-from@3.0.0","MIT","https://github.com/sindresorhus/resolve-from"
"resolve-from@4.0.0","MIT","https://github.com/sindresorhus/resolve-from"
"resolve-url-loader@3.1.2","MIT","https://github.com/bholloway/resolve-url-loader"
"resolve-url@0.2.1","MIT","https://github.com/lydell/resolve-url"
"resolve@1.19.0","MIT","https://github.com/browserify/resolve"
"restore-cursor@3.1.0","MIT","https://github.com/sindresorhus/restore-cursor"
"ret@0.1.15","MIT","https://github.com/fent/ret.js"
"retry@0.10.1","MIT","https://github.com/tim-kos/node-retry"
"retry@0.12.0","MIT","https://github.com/tim-kos/node-retry"
"reusify@1.0.4","MIT","https://github.com/mcollina/reusify"
"rework-visit@1.0.0","MIT",""
"rework@1.0.1","MIT*","https://github.com/reworkcss/rework"
"rfdc@1.3.0","MIT","https://github.com/davidmarkclements/rfdc"
"rgb-regex@1.0.1","MIT","https://github.com/regexps/rgb-regex"
"rgba-regex@1.0.0","MIT","https://github.com/johnotander/rgba-regex"
"rimraf@2.7.1","ISC","https://github.com/isaacs/rimraf"
"rimraf@3.0.2","ISC","https://github.com/isaacs/rimraf"
"ripemd160@2.0.2","MIT","https://github.com/crypto-browserify/ripemd160"
"rollup@2.38.4","MIT","https://github.com/rollup/rollup"
"run-async@2.4.1","MIT","https://github.com/SBoudrias/run-async"
"run-parallel@1.2.0","MIT","https://github.com/feross/run-parallel"
"run-queue@1.0.3","ISC","https://github.com/iarna/run-queue"
"rxjs@6.6.3","Apache-2.0","https://github.com/reactivex/rxjs"
"safe-buffer@5.1.2","MIT","https://github.com/feross/safe-buffer"
"safe-buffer@5.2.1","MIT","https://github.com/feross/safe-buffer"
"safe-regex@1.1.0","MIT","https://github.com/substack/safe-regex"
"safer-buffer@2.1.2","MIT","https://github.com/ChALkeR/safer-buffer"
"sass-loader@10.1.1","MIT","https://github.com/webpack-contrib/sass-loader"
"sass@1.32.6","MIT","https://github.com/sass/dart-sass"
"saucelabs@1.5.0","MIT*","https://github.com/holidayextras/node-saucelabs"
"sax@1.2.4","ISC","https://github.com/isaacs/sax-js"
"schema-utils@1.0.0","MIT","https://github.com/webpack-contrib/schema-utils"
"schema-utils@2.7.1","MIT","https://github.com/webpack/schema-utils"
"schema-utils@3.0.0","MIT","https://github.com/webpack/schema-utils"
"select-hose@2.0.0","MIT","https://github.com/indutny/select-hose"
"selenium-webdriver@3.6.0","Apache-2.0","https://github.com/SeleniumHQ/selenium"
"selfsigned@1.10.8","MIT","https://github.com/jfromaniello/selfsigned"
"semver-dsl@1.0.1","MIT","https://github.com/mgechev/semver-dsl"
"semver-intersect@1.4.0","MIT","https://github.com/snyamathi/semver-intersect"
"semver@5.7.1","ISC","https://github.com/npm/node-semver"
"semver@6.3.0","ISC","https://github.com/npm/node-semver"
"semver@7.0.0","ISC","https://github.com/npm/node-semver"
"semver@7.3.2","ISC","https://github.com/npm/node-semver"
"semver@7.3.4","ISC","https://github.com/npm/node-semver"
"semver@7.3.5","ISC","https://github.com/npm/node-semver"
"send@0.17.1","MIT","https://github.com/pillarjs/send"
"serialize-javascript@4.0.0","BSD-3-Clause","https://github.com/yahoo/serialize-javascript"
"serialize-javascript@5.0.1","BSD-3-Clause","https://github.com/yahoo/serialize-javascript"
"serve-index@1.9.1","MIT","https://github.com/expressjs/serve-index"
"serve-static@1.14.1","MIT","https://github.com/expressjs/serve-static"
"set-blocking@2.0.0","ISC","https://github.com/yargs/set-blocking"
"set-immediate-shim@1.0.1","MIT","https://github.com/sindresorhus/set-immediate-shim"
"set-value@2.0.1","MIT","https://github.com/jonschlinkert/set-value"
"setimmediate@1.0.5","MIT","https://github.com/YuzuJS/setImmediate"
"setprototypeof@1.1.0","ISC","https://github.com/wesleytodd/setprototypeof"
"setprototypeof@1.1.1","ISC","https://github.com/wesleytodd/setprototypeof"
"sha.js@2.4.11","(MIT AND BSD-3-Clause)","https://github.com/crypto-browserify/sha.js"
"shallow-clone@3.0.1","MIT","https://github.com/jonschlinkert/shallow-clone"
"shebang-command@1.2.0","MIT","https://github.com/kevva/shebang-command"
"shebang-regex@1.0.0","MIT","https://github.com/sindresorhus/shebang-regex"
"signal-exit@3.0.3","ISC","https://github.com/tapjs/signal-exit"
"simple-swizzle@0.2.2","MIT","https://github.com/qix-/node-simple-swizzle"
"slash@3.0.0","MIT","https://github.com/sindresorhus/slash"
"smart-buffer@4.1.0","MIT","https://github.com/JoshGlazebrook/smart-buffer"
"snapdragon-node@2.1.1","MIT","https://github.com/jonschlinkert/snapdragon-node"
"snapdragon-util@3.0.1","MIT","https://github.com/jonschlinkert/snapdragon-util"
"snapdragon@0.8.2","MIT","https://github.com/jonschlinkert/snapdragon"
"socket.io-adapter@2.1.0","MIT","https://github.com/socketio/socket.io-adapter"
"socket.io-parser@4.0.4","MIT","https://github.com/socketio/socket.io-parser"
"socket.io@3.1.2","MIT","https://github.com/socketio/socket.io"
"sockjs-client@1.5.0","MIT","https://github.com/sockjs/sockjs-client"
"sockjs@0.3.21","MIT","https://github.com/sockjs/sockjs-node"
"socks-proxy-agent@5.0.0","MIT","https://github.com/TooTallNate/node-socks-proxy-agent"
"socks@2.6.0","MIT","https://github.com/JoshGlazebrook/socks"
"source-list-map@2.0.1","MIT","https://github.com/webpack/source-list-map"
"source-map-loader@1.1.3","MIT","https://github.com/webpack-contrib/source-map-loader"
"source-map-resolve@0.5.3","MIT","https://github.com/lydell/source-map-resolve"
"source-map-resolve@0.6.0","MIT","https://github.com/lydell/source-map-resolve"
"source-map-support@0.4.18","MIT","https://github.com/evanw/node-source-map-support"
"source-map-support@0.5.19","MIT","https://github.com/evanw/node-source-map-support"
"source-map-url@0.4.0","MIT","https://github.com/lydell/source-map-url"
"source-map@0.5.7","BSD-3-Clause","https://github.com/mozilla/source-map"
"source-map@0.6.1","BSD-3-Clause","https://github.com/mozilla/source-map"
"source-map@0.7.3","BSD-3-Clause","https://github.com/mozilla/source-map"
"sourcemap-codec@1.4.8","MIT","https://github.com/Rich-Harris/sourcemap-codec"
"spdy-transport@3.0.0","MIT","https://github.com/spdy-http2/spdy-transport"
"spdy@4.0.2","MIT","https://github.com/indutny/node-spdy"
"speed-measure-webpack-plugin@1.4.2","MIT","https://github.com/stephencookdev/speed-measure-webpack-plugin"
"split-string@3.1.0","MIT","https://github.com/jonschlinkert/split-string"
"sprintf-js@1.0.3","BSD-3-Clause","https://github.com/alexei/sprintf.js"
"sprintf-js@1.1.2","BSD-3-Clause","https://github.com/alexei/sprintf.js"
"sshpk@1.16.1","MIT","https://github.com/joyent/node-sshpk"
"ssri@6.0.1","ISC","https://github.com/zkat/ssri"
"ssri@8.0.0","ISC","https://github.com/npm/ssri"
"stable@0.1.8","MIT","https://github.com/Two-Screen/stable"
"static-extend@0.1.2","MIT","https://github.com/jonschlinkert/static-extend"
"statuses@1.5.0","MIT","https://github.com/jshttp/statuses"
"stream-browserify@2.0.2","MIT","https://github.com/browserify/stream-browserify"
"stream-each@1.2.3","MIT","https://github.com/mafintosh/stream-each"
"stream-http@2.8.3","MIT","https://github.com/jhiesey/stream-http"
"stream-shift@1.0.1","MIT","https://github.com/mafintosh/stream-shift"
"streamroller@2.2.4","MIT","https://github.com/nomiddlename/streamroller"
"string-width@1.0.2","MIT","https://github.com/sindresorhus/string-width"
"string-width@2.1.1","MIT","https://github.com/sindresorhus/string-width"
"string-width@3.1.0","MIT","https://github.com/sindresorhus/string-width"
"string-width@4.2.0","MIT","https://github.com/sindresorhus/string-width"
"string.prototype.trimend@1.0.2","MIT","https://github.com/es-shims/String.prototype.trimEnd"
"string.prototype.trimstart@1.0.2","MIT","https://github.com/es-shims/String.prototype.trimStart"
"string_decoder@1.1.1","MIT","https://github.com/nodejs/string_decoder"
"strip-ansi@3.0.1","MIT","https://github.com/chalk/strip-ansi"
"strip-ansi@4.0.0","MIT","https://github.com/chalk/strip-ansi"
"strip-ansi@5.2.0","MIT","https://github.com/chalk/strip-ansi"
"strip-ansi@6.0.0","MIT","https://github.com/chalk/strip-ansi"
"strip-eof@1.0.0","MIT","https://github.com/sindresorhus/strip-eof"
"style-loader@2.0.0","MIT","https://github.com/webpack-contrib/style-loader"
"stylehacks@4.0.3","MIT","https://github.com/cssnano/cssnano"
"stylus-loader@4.3.3","MIT","https://github.com/webpack-contrib/stylus-loader"
"stylus@0.54.8","MIT","https://github.com/stylus/stylus"
"supports-color@2.0.0","MIT","https://github.com/chalk/supports-color"
"supports-color@5.5.0","MIT","https://github.com/chalk/supports-color"
"supports-color@6.1.0","MIT","https://github.com/chalk/supports-color"
"supports-color@7.2.0","MIT","https://github.com/chalk/supports-color"
"svgo@1.3.2","MIT","https://github.com/svg/svgo"
"symbol-observable@3.0.0","MIT","https://github.com/blesh/symbol-observable"
"tapable@1.1.3","MIT","https://github.com/webpack/tapable"
"tapable@2.2.0","MIT","https://github.com/webpack/tapable"
"tar@6.1.0","ISC","https://github.com/npm/node-tar"
"terser-webpack-plugin@1.4.5","MIT","https://github.com/webpack-contrib/terser-webpack-plugin"
"terser-webpack-plugin@4.2.3","MIT","https://github.com/webpack-contrib/terser-webpack-plugin"
"terser@4.8.0","BSD-2-Clause","https://github.com/terser/terser"
"terser@5.5.1","BSD-2-Clause","https://github.com/terser/terser"
"text-table@0.2.0","MIT","https://github.com/substack/text-table"
"through2@2.0.5","MIT","https://github.com/rvagg/through2"
"through@2.3.8","MIT","https://github.com/dominictarr/through"
"thunky@1.1.0","MIT","https://github.com/mafintosh/thunky"
"timers-browserify@2.0.12","MIT","https://github.com/jryans/timers-browserify"
"timsort@0.3.0","MIT","https://github.com/mziccard/node-timsort"
"tmp@0.0.30","MIT","https://github.com/raszi/node-tmp"
"tmp@0.0.33","MIT","https://github.com/raszi/node-tmp"
"tmp@0.2.1","MIT","https://github.com/raszi/node-tmp"
"to-arraybuffer@1.0.1","MIT","https://github.com/jhiesey/to-arraybuffer"
"to-fast-properties@2.0.0","MIT","https://github.com/sindresorhus/to-fast-properties"
"to-object-path@0.3.0","MIT","https://github.com/jonschlinkert/to-object-path"
"to-regex-range@2.1.1","MIT","https://github.com/micromatch/to-regex-range"
"to-regex-range@5.0.1","MIT","https://github.com/micromatch/to-regex-range"
"to-regex@3.0.2","MIT","https://github.com/jonschlinkert/to-regex"
"toidentifier@1.0.0","MIT","https://github.com/component/toidentifier"
"tough-cookie@2.5.0","BSD-3-Clause","https://github.com/salesforce/tough-cookie"
"tree-kill@1.2.2","MIT","https://github.com/pkrumins/node-tree-kill"
"ts-custom-error@3.2.0","MIT","https://github.com/adriengibrat/ts-custom-error"
"ts-node@8.3.0","MIT","https://github.com/TypeStrong/ts-node"
"ts-pnp@1.2.0","MIT","https://github.com/arcanis/ts-pnp"
"tslib@1.14.1","0BSD","https://github.com/Microsoft/tslib"
"tslib@2.0.3","0BSD","https://github.com/Microsoft/tslib"
"tslib@2.1.0","0BSD","https://github.com/Microsoft/tslib"
"tslint@6.1.3","Apache-2.0","https://github.com/palantir/tslint"
"tsutils@2.29.0","MIT","https://github.com/ajafff/tsutils"
"tty-browserify@0.0.0","MIT","https://github.com/substack/tty-browserify"
"tunnel-agent@0.6.0","Apache-2.0","https://github.com/mikeal/tunnel-agent"
"tweetnacl@0.14.5","Unlicense","https://github.com/dchest/tweetnacl-js"
"type-fest@0.11.0","(MIT OR CC0-1.0)","https://github.com/sindresorhus/type-fest"
"type-is@1.6.18","MIT","https://github.com/jshttp/type-is"
"type@1.2.0","ISC","https://github.com/medikoo/type"
"type@2.1.0","ISC","https://github.com/medikoo/type"
"typedarray@0.0.6","MIT","https://github.com/substack/typedarray"
"typescript@4.0.5","Apache-2.0","https://github.com/Microsoft/TypeScript"
"typescript@4.1.5","Apache-2.0","https://github.com/Microsoft/TypeScript"
"ua-parser-js@0.7.24","MIT","https://github.com/faisalman/ua-parser-js"
"unicode-canonical-property-names-ecmascript@1.0.4","MIT","https://github.com/mathiasbynens/unicode-canonical-property-names-ecmascript"
"unicode-match-property-ecmascript@1.0.4","MIT","https://github.com/mathiasbynens/unicode-match-property-ecmascript"
"unicode-match-property-value-ecmascript@1.2.0","MIT","https://github.com/mathiasbynens/unicode-match-property-value-ecmascript"
"unicode-property-aliases-ecmascript@1.1.0","MIT","https://github.com/mathiasbynens/unicode-property-aliases-ecmascript"
"union-value@1.0.1","MIT","https://github.com/jonschlinkert/union-value"
"uniq@1.0.1","MIT","https://github.com/mikolalysenko/uniq"
"uniqs@2.0.0","MIT","https://github.com/fgnass/uniqs"
"unique-filename@1.1.1","ISC","https://github.com/iarna/unique-filename"
"unique-slug@2.0.2","ISC","https://github.com/iarna/unique-slug"
"universal-analytics@0.4.23","MIT","https://github.com/peaksandpies/universal-analytics"
"universalify@0.1.2","MIT","https://github.com/RyanZim/universalify"
"unpipe@1.0.0","MIT","https://github.com/stream-utils/unpipe"
"unquote@1.1.1","MIT","https://github.com/lakenen/node-unquote"
"unset-value@1.0.0","MIT","https://github.com/jonschlinkert/unset-value"
"upath@1.2.0","MIT","https://github.com/anodynos/upath"
"uri-js@4.4.0","BSD-2-Clause","https://github.com/garycourt/uri-js"
"urix@0.1.0","MIT","https://github.com/lydell/urix"
"url-parse@1.5.1","MIT","https://github.com/unshiftio/url-parse"
"url@0.11.0","MIT","https://github.com/defunctzombie/node-url"
"use@3.1.1","MIT","https://github.com/jonschlinkert/use"
"util-deprecate@1.0.2","MIT","https://github.com/TooTallNate/util-deprecate"
"util.promisify@1.0.1","MIT","https://github.com/ljharb/util.promisify"
"util@0.10.3","MIT","https://github.com/defunctzombie/node-util"
"util@0.11.1","MIT","https://github.com/defunctzombie/node-util"
"utils-merge@1.0.1","MIT","https://github.com/jaredhanson/utils-merge"
"uuid@3.4.0","MIT","https://github.com/uuidjs/uuid"
"uuid@8.3.2","MIT","https://github.com/uuidjs/uuid"
"validate-npm-package-name@3.0.0","ISC","https://github.com/npm/validate-npm-package-name"
"vary@1.1.2","MIT","https://github.com/jshttp/vary"
"vendors@1.0.4","MIT","https://github.com/wooorm/vendors"
"verror@1.10.0","MIT","https://github.com/davepacheco/node-verror"
"vm-browserify@1.1.2","MIT","https://github.com/substack/vm-browserify"
"void-elements@2.0.1","MIT","https://github.com/hemanth/void-elements"
"watchpack-chokidar2@2.0.1","MIT","https://github.com/webpack/watchpack"
"watchpack@1.7.5","MIT","https://github.com/webpack/watchpack"
"wbuf@1.7.3","MIT","https://github.com/indutny/wbuf"
"wcwidth@1.0.1","MIT","https://github.com/timoxley/wcwidth"
"webdriver-js-extender@2.1.0","MIT","https://github.com/angular/webdriver-js-extender"
"webdriver-manager@12.1.7","MIT","https://github.com/angular/webdriver-manager"
"webpack-dev-middleware@3.7.2","MIT","https://github.com/webpack/webpack-dev-middleware"
"webpack-dev-server@3.11.2","MIT","https://github.com/webpack/webpack-dev-server"
"webpack-log@2.0.0","MIT","https://github.com/webpack-contrib/webpack-log"
"webpack-merge@5.7.3","MIT","https://github.com/survivejs/webpack-merge"
"webpack-sources@1.4.3","MIT","https://github.com/webpack/webpack-sources"
"webpack-sources@2.2.0","MIT","https://github.com/webpack/webpack-sources"
"webpack-subresource-integrity@1.5.2","MIT","https://github.com/waysact/webpack-subresource-integrity"
"webpack@4.44.2","MIT","https://github.com/webpack/webpack"
"websocket-driver@0.7.4","Apache-2.0","https://github.com/faye/websocket-driver-node"
"websocket-extensions@0.1.4","Apache-2.0","https://github.com/faye/websocket-extensions-node"
"whatwg-mimetype@2.3.0","MIT","https://github.com/jsdom/whatwg-mimetype"
"which-module@2.0.0","ISC","https://github.com/nexdrew/which-module"
"which@1.3.1","ISC","https://github.com/isaacs/node-which"
"which@2.0.2","ISC","https://github.com/isaacs/node-which"
"wide-align@1.1.3","ISC","https://github.com/iarna/wide-align"
"wildcard@2.0.0","MIT","https://github.com/DamonOehlman/wildcard"
"worker-farm@1.7.0","MIT","https://github.com/rvagg/node-worker-farm"
"worker-plugin@5.0.0","Apache-2.0","https://github.com/GoogleChromeLabs/worker-plugin"
"wrap-ansi@5.1.0","MIT","https://github.com/chalk/wrap-ansi"
"wrap-ansi@6.2.0","MIT","https://github.com/chalk/wrap-ansi"
"wrap-ansi@7.0.0","MIT","https://github.com/chalk/wrap-ansi"
"wrappy@1.0.2","ISC","https://github.com/npm/wrappy"
"ws@6.2.1","MIT","https://github.com/websockets/ws"
"ws@7.4.4","MIT","https://github.com/websockets/ws"
"xml2js@0.4.23","MIT","https://github.com/Leonidas-from-XIV/node-xml2js"
"xmlbuilder@11.0.1","MIT","https://github.com/oozcitak/xmlbuilder-js"
"xtend@4.0.2","MIT","https://github.com/Raynos/xtend"
"y18n@4.0.0","ISC","https://github.com/yargs/y18n"
"y18n@5.0.5","ISC","https://github.com/yargs/y18n"
"yallist@3.1.1","ISC","https://github.com/isaacs/yallist"
"yallist@4.0.0","ISC","https://github.com/isaacs/yallist"
"yaml@1.10.2","ISC","https://github.com/eemeli/yaml"
"yargs-parser@13.1.2","ISC","https://github.com/yargs/yargs-parser"
"yargs-parser@18.1.3","ISC","https://github.com/yargs/yargs-parser"
"yargs-parser@20.2.4","ISC","https://github.com/yargs/yargs-parser"
"yargs@13.3.2","MIT","https://github.com/yargs/yargs"
"yargs@15.4.1","MIT","https://github.com/yargs/yargs"
"yargs@16.2.0","MIT","https://github.com/yargs/yargs"
"yn@3.1.1","MIT","https://github.com/sindresorhus/yn"
"zone.js@0.10.3","MIT","https://github.com/angular/angular"